filename,rel_path,class_name,class_id,source,split
test_20220101_101328.jpg,images/train/helopeltis/test_20220101_101328.jpg,helopeltis,1,kaggle,train
train_20220101_120140.jpg,images/train/helopeltis/train_20220101_120140.jpg,helopeltis,1,kaggle,train
train_image_0_1620.jpg,images/train/helopeltis/train_image_0_1620.jpg,helopeltis,1,kaggle,train
train_image_0_200.jpg,images/train/helopeltis/train_image_0_200.jpg,helopeltis,1,kaggle,train
train_image_0_162.jpg,images/train/helopeltis/train_image_0_162.jpg,helopeltis,1,kaggle,train
test_20220101_092257.jpg,images/train/helopeltis/test_20220101_092257.jpg,helopeltis,1,kaggle,train
test_20220101_093849.jpg,images/train/helopeltis/test_20220101_093849.jpg,helopeltis,1,kaggle,train
train_image_0_3110.jpg,images/train/helopeltis/train_image_0_3110.jpg,helopeltis,1,kaggle,train
train_image_0_490.jpg,images/train/helopeltis/train_image_0_490.jpg,helopeltis,1,kaggle,train
train_image_0_1154.jpg,images/train/helopeltis/train_image_0_1154.jpg,helopeltis,1,kaggle,train
train_image_0_2229.jpg,images/train/helopeltis/train_image_0_2229.jpg,helopeltis,1,kaggle,train
train_20220101_105511.jpg,images/train/helopeltis/train_20220101_105511.jpg,helopeltis,1,kaggle,train
test_20220101_101833.jpg,images/train/helopeltis/test_20220101_101833.jpg,helopeltis,1,kaggle,train
train_image_0_1060.jpg,images/train/helopeltis/train_image_0_1060.jpg,helopeltis,1,kaggle,train
train_image_0_4347.jpg,images/train/helopeltis/train_image_0_4347.jpg,helopeltis,1,kaggle,train
train_image_0_2571.jpg,images/train/helopeltis/train_image_0_2571.jpg,helopeltis,1,kaggle,train
test_20220101_104017.jpg,images/train/helopeltis/test_20220101_104017.jpg,helopeltis,1,kaggle,train
test_20220101_104358.jpg,images/train/helopeltis/test_20220101_104358.jpg,helopeltis,1,kaggle,train
train_image_0_3999.jpg,images/train/helopeltis/train_image_0_3999.jpg,helopeltis,1,kaggle,train
train_20220101_104543.jpg,images/train/helopeltis/train_20220101_104543.jpg,helopeltis,1,kaggle,train
test_20220101_104042.jpg,images/train/helopeltis/test_20220101_104042.jpg,helopeltis,1,kaggle,train
obb_IMG_8917_jpg.rf.b6ba69ccacc50349998d50a145933d8c.jpg,images/train/helopeltis/obb_IMG_8917_jpg.rf.b6ba69ccacc50349998d50a145933d8c.jpg,helopeltis,1,field_collected,train
train_image_0_2953.jpg,images/train/helopeltis/train_image_0_2953.jpg,helopeltis,1,kaggle,train
train_image_0_1499.jpg,images/train/helopeltis/train_image_0_1499.jpg,helopeltis,1,kaggle,train
train_image_0_3204.jpg,images/train/helopeltis/train_image_0_3204.jpg,helopeltis,1,kaggle,train
test_20220101_103530.jpg,images/train/helopeltis/test_20220101_103530.jpg,helopeltis,1,kaggle,train
test_20220101_102303.jpg,images/train/helopeltis/test_20220101_102303.jpg,helopeltis,1,kaggle,train
train_20220101_115043.jpg,images/train/helopeltis/train_20220101_115043.jpg,helopeltis,1,kaggle,train
train_image_0_1315.jpg,images/train/helopeltis/train_image_0_1315.jpg,helopeltis,1,kaggle,train
train_20220101_104939.jpg,images/train/helopeltis/train_20220101_104939.jpg,helopeltis,1,kaggle,train
test_20220101_104522.jpg,images/train/helopeltis/test_20220101_104522.jpg,helopeltis,1,kaggle,train
train_image_0_870.jpg,images/train/helopeltis/train_image_0_870.jpg,helopeltis,1,kaggle,train
train_image_0_4349.jpg,images/train/helopeltis/train_image_0_4349.jpg,helopeltis,1,kaggle,train
train_image_0_4166.jpg,images/train/helopeltis/train_image_0_4166.jpg,helopeltis,1,kaggle,train
test_20220101_103734.jpg,images/train/helopeltis/test_20220101_103734.jpg,helopeltis,1,kaggle,train
train_image_0_3788.jpg,images/train/helopeltis/train_image_0_3788.jpg,helopeltis,1,kaggle,train
train_image_0_2508.jpg,images/train/helopeltis/train_image_0_2508.jpg,helopeltis,1,kaggle,train
train_image_0_2079.jpg,images/train/helopeltis/train_image_0_2079.jpg,helopeltis,1,kaggle,train
train_image_0_3462.jpg,images/train/helopeltis/train_image_0_3462.jpg,helopeltis,1,kaggle,train
test_20220101_103905.jpg,images/train/helopeltis/test_20220101_103905.jpg,helopeltis,1,kaggle,train
train_image_0_4218.jpg,images/train/helopeltis/train_image_0_4218.jpg,helopeltis,1,kaggle,train
train_image_0_547.jpg,images/train/helopeltis/train_image_0_547.jpg,helopeltis,1,kaggle,train
obb_IMG_8593_JPG.rf.afa667fbfb4e499b06cfe87f4eaedca6.jpg,images/train/helopeltis/obb_IMG_8593_JPG.rf.afa667fbfb4e499b06cfe87f4eaedca6.jpg,helopeltis,1,field_collected,train
train_image_0_13.jpg,images/train/helopeltis/train_image_0_13.jpg,helopeltis,1,kaggle,train
train_image_0_1324.jpg,images/train/helopeltis/train_image_0_1324.jpg,helopeltis,1,kaggle,train
train_image_0_609.jpg,images/train/helopeltis/train_image_0_609.jpg,helopeltis,1,kaggle,train
train_20220101_104947.jpg,images/train/helopeltis/train_20220101_104947.jpg,helopeltis,1,kaggle,train
train_image_0_2833.jpg,images/train/helopeltis/train_image_0_2833.jpg,helopeltis,1,kaggle,train
train_image_0_3521.jpg,images/train/helopeltis/train_image_0_3521.jpg,helopeltis,1,kaggle,train
train_image_0_348.jpg,images/train/helopeltis/train_image_0_348.jpg,helopeltis,1,kaggle,train
test_20220101_102859.jpg,images/train/helopeltis/test_20220101_102859.jpg,helopeltis,1,kaggle,train
test_20220101_104312.jpg,images/train/helopeltis/test_20220101_104312.jpg,helopeltis,1,kaggle,train
train_image_0_1561.jpg,images/train/helopeltis/train_image_0_1561.jpg,helopeltis,1,kaggle,train
train_image_0_3146.jpg,images/train/helopeltis/train_image_0_3146.jpg,helopeltis,1,kaggle,train
train_image_0_1102.jpg,images/train/helopeltis/train_image_0_1102.jpg,helopeltis,1,kaggle,train
train_image_0_3232.jpg,images/train/helopeltis/train_image_0_3232.jpg,helopeltis,1,kaggle,train
train_image_0_441.jpg,images/train/helopeltis/train_image_0_441.jpg,helopeltis,1,kaggle,train
train_image_0_2378.jpg,images/train/helopeltis/train_image_0_2378.jpg,helopeltis,1,kaggle,train
test_20220101_094321.jpg,images/train/helopeltis/test_20220101_094321.jpg,helopeltis,1,kaggle,train
train_20220101_105814.jpg,images/train/helopeltis/train_20220101_105814.jpg,helopeltis,1,kaggle,train
train_image_0_878.jpg,images/train/helopeltis/train_image_0_878.jpg,helopeltis,1,kaggle,train
train_image_0_1982.jpg,images/train/helopeltis/train_image_0_1982.jpg,helopeltis,1,kaggle,train
train_image_0_469.jpg,images/train/helopeltis/train_image_0_469.jpg,helopeltis,1,kaggle,train
test_20220101_093709.jpg,images/train/helopeltis/test_20220101_093709.jpg,helopeltis,1,kaggle,train
train_image_0_741.jpg,images/train/helopeltis/train_image_0_741.jpg,helopeltis,1,kaggle,train
train_image_0_3444.jpg,images/train/helopeltis/train_image_0_3444.jpg,helopeltis,1,kaggle,train
train_image_0_1074.jpg,images/train/helopeltis/train_image_0_1074.jpg,helopeltis,1,kaggle,train
train_image_0_1496.jpg,images/train/helopeltis/train_image_0_1496.jpg,helopeltis,1,kaggle,train
test_20220101_100939.jpg,images/train/helopeltis/test_20220101_100939.jpg,helopeltis,1,kaggle,train
train_image_0_3511.jpg,images/train/helopeltis/train_image_0_3511.jpg,helopeltis,1,kaggle,train
train_image_0_3553.jpg,images/train/helopeltis/train_image_0_3553.jpg,helopeltis,1,kaggle,train
train_image_0_1345.jpg,images/train/helopeltis/train_image_0_1345.jpg,helopeltis,1,kaggle,train
train_image_0_1452.jpg,images/train/helopeltis/train_image_0_1452.jpg,helopeltis,1,kaggle,train
train_image_0_2712.jpg,images/train/helopeltis/train_image_0_2712.jpg,helopeltis,1,kaggle,train
train_image_0_4152.jpg,images/train/helopeltis/train_image_0_4152.jpg,helopeltis,1,kaggle,train
test_20220101_103754.jpg,images/train/helopeltis/test_20220101_103754.jpg,helopeltis,1,kaggle,train
train_image_0_2284.jpg,images/train/helopeltis/train_image_0_2284.jpg,helopeltis,1,kaggle,train
train_20220101_105737.jpg,images/train/helopeltis/train_20220101_105737.jpg,helopeltis,1,kaggle,train
train_image_0_1384.jpg,images/train/helopeltis/train_image_0_1384.jpg,helopeltis,1,kaggle,train
train_image_0_4118.jpg,images/train/helopeltis/train_image_0_4118.jpg,helopeltis,1,kaggle,train
test_20211205_161247.jpg,images/train/helopeltis/test_20211205_161247.jpg,helopeltis,1,kaggle,train
test_20220101_104250.jpg,images/train/helopeltis/test_20220101_104250.jpg,helopeltis,1,kaggle,train
train_image_0_2583.jpg,images/train/helopeltis/train_image_0_2583.jpg,helopeltis,1,kaggle,train
test_20220101_095652.jpg,images/train/helopeltis/test_20220101_095652.jpg,helopeltis,1,kaggle,train
obb_166_jpg.rf.b7b6100902742c9d1a47195e12f41189.jpg,images/train/helopeltis/obb_166_jpg.rf.b7b6100902742c9d1a47195e12f41189.jpg,helopeltis,1,field_collected,train
train_20220101_122313.jpg,images/train/helopeltis/train_20220101_122313.jpg,helopeltis,1,kaggle,train
train_image_0_3088.jpg,images/train/helopeltis/train_image_0_3088.jpg,helopeltis,1,kaggle,train
train_image_0_3181.jpg,images/train/helopeltis/train_image_0_3181.jpg,helopeltis,1,kaggle,train
train_20220101_121844.jpg,images/train/helopeltis/train_20220101_121844.jpg,helopeltis,1,kaggle,train
train_image_0_1622.jpg,images/train/helopeltis/train_image_0_1622.jpg,helopeltis,1,kaggle,train
train_image_0_2597.jpg,images/train/helopeltis/train_image_0_2597.jpg,helopeltis,1,kaggle,train
train_20220101_104647.jpg,images/train/helopeltis/train_20220101_104647.jpg,helopeltis,1,kaggle,train
test_20220101_103918.jpg,images/train/helopeltis/test_20220101_103918.jpg,helopeltis,1,kaggle,train
test_20211205_160818.jpg,images/train/helopeltis/test_20211205_160818.jpg,helopeltis,1,kaggle,train
train_image_0_3561.jpg,images/train/helopeltis/train_image_0_3561.jpg,helopeltis,1,kaggle,train
train_image_0_127.jpg,images/train/helopeltis/train_image_0_127.jpg,helopeltis,1,kaggle,train
test_20220101_094351.jpg,images/train/helopeltis/test_20220101_094351.jpg,helopeltis,1,kaggle,train
test_20220101_095321.jpg,images/train/helopeltis/test_20220101_095321.jpg,helopeltis,1,kaggle,train
test_20211205_160126.jpg,images/train/helopeltis/test_20211205_160126.jpg,helopeltis,1,kaggle,train
train_image_0_3119.jpg,images/train/helopeltis/train_image_0_3119.jpg,helopeltis,1,kaggle,train
train_image_0_2391.jpg,images/train/helopeltis/train_image_0_2391.jpg,helopeltis,1,kaggle,train
test_20220101_100050.jpg,images/train/helopeltis/test_20220101_100050.jpg,helopeltis,1,kaggle,train
train_20220101_121719.jpg,images/train/helopeltis/train_20220101_121719.jpg,helopeltis,1,kaggle,train
train_20220101_105457.jpg,images/train/helopeltis/train_20220101_105457.jpg,helopeltis,1,kaggle,train
train_image_0_2707.jpg,images/train/helopeltis/train_image_0_2707.jpg,helopeltis,1,kaggle,train
test_20220101_091304.jpg,images/train/helopeltis/test_20220101_091304.jpg,helopeltis,1,kaggle,train
train_image_0_3758.jpg,images/train/helopeltis/train_image_0_3758.jpg,helopeltis,1,kaggle,train
train_image_0_3729.jpg,images/train/helopeltis/train_image_0_3729.jpg,helopeltis,1,kaggle,train
train_image_0_624.jpg,images/train/helopeltis/train_image_0_624.jpg,helopeltis,1,kaggle,train
obb_IMG_8749_jpg.rf.97f86b8c22d18ccc78efc470a2903e9a.jpg,images/train/helopeltis/obb_IMG_8749_jpg.rf.97f86b8c22d18ccc78efc470a2903e9a.jpg,helopeltis,1,field_collected,train
train_image_0_1965.jpg,images/train/helopeltis/train_image_0_1965.jpg,helopeltis,1,kaggle,train
train_image_0_3123.jpg,images/train/helopeltis/train_image_0_3123.jpg,helopeltis,1,kaggle,train
train_image_0_528.jpg,images/train/helopeltis/train_image_0_528.jpg,helopeltis,1,kaggle,train
test_20220101_100107.jpg,images/train/helopeltis/test_20220101_100107.jpg,helopeltis,1,kaggle,train
train_image_0_351.jpg,images/train/helopeltis/train_image_0_351.jpg,helopeltis,1,kaggle,train
train_image_0_1321.jpg,images/train/helopeltis/train_image_0_1321.jpg,helopeltis,1,kaggle,train
train_image_0_1421.jpg,images/train/helopeltis/train_image_0_1421.jpg,helopeltis,1,kaggle,train
train_image_0_3156.jpg,images/train/helopeltis/train_image_0_3156.jpg,helopeltis,1,kaggle,train
test_20220101_095708.jpg,images/train/helopeltis/test_20220101_095708.jpg,helopeltis,1,kaggle,train
test_20211205_160838.jpg,images/train/helopeltis/test_20211205_160838.jpg,helopeltis,1,kaggle,train
train_image_0_2415.jpg,images/train/helopeltis/train_image_0_2415.jpg,helopeltis,1,kaggle,train
train_image_0_3615.jpg,images/train/helopeltis/train_image_0_3615.jpg,helopeltis,1,kaggle,train
test_20220101_104224.jpg,images/train/helopeltis/test_20220101_104224.jpg,helopeltis,1,kaggle,train
train_20220101_121247.jpg,images/train/helopeltis/train_20220101_121247.jpg,helopeltis,1,kaggle,train
train_image_0_1172.jpg,images/train/helopeltis/train_image_0_1172.jpg,helopeltis,1,kaggle,train
train_image_0_423.jpg,images/train/helopeltis/train_image_0_423.jpg,helopeltis,1,kaggle,train
train_image_0_2036.jpg,images/train/helopeltis/train_image_0_2036.jpg,helopeltis,1,kaggle,train
test_20220101_102021.jpg,images/train/helopeltis/test_20220101_102021.jpg,helopeltis,1,kaggle,train
train_image_0_3594.jpg,images/train/helopeltis/train_image_0_3594.jpg,helopeltis,1,kaggle,train
train_image_0_1564.jpg,images/train/helopeltis/train_image_0_1564.jpg,helopeltis,1,kaggle,train
train_image_0_306.jpg,images/train/helopeltis/train_image_0_306.jpg,helopeltis,1,kaggle,train
test_20220101_100125.jpg,images/train/helopeltis/test_20220101_100125.jpg,helopeltis,1,kaggle,train
train_image_0_6.jpg,images/train/helopeltis/train_image_0_6.jpg,helopeltis,1,kaggle,train
train_20220101_121316.jpg,images/train/helopeltis/train_20220101_121316.jpg,helopeltis,1,kaggle,train
train_20220101_104612.jpg,images/train/helopeltis/train_20220101_104612.jpg,helopeltis,1,kaggle,train
train_image_0_268.jpg,images/train/helopeltis/train_image_0_268.jpg,helopeltis,1,kaggle,train
train_image_0_671.jpg,images/train/helopeltis/train_image_0_671.jpg,helopeltis,1,kaggle,train
test_20220101_095720.jpg,images/train/helopeltis/test_20220101_095720.jpg,helopeltis,1,kaggle,train
train_image_0_3833.jpg,images/train/helopeltis/train_image_0_3833.jpg,helopeltis,1,kaggle,train
train_image_0_267.jpg,images/train/helopeltis/train_image_0_267.jpg,helopeltis,1,kaggle,train
train_image_0_2196.jpg,images/train/helopeltis/train_image_0_2196.jpg,helopeltis,1,kaggle,train
train_image_0_2882.jpg,images/train/helopeltis/train_image_0_2882.jpg,helopeltis,1,kaggle,train
train_image_0_3809.jpg,images/train/helopeltis/train_image_0_3809.jpg,helopeltis,1,kaggle,train
train_image_0_1501.jpg,images/train/helopeltis/train_image_0_1501.jpg,helopeltis,1,kaggle,train
test_20220101_095421.jpg,images/train/helopeltis/test_20220101_095421.jpg,helopeltis,1,kaggle,train
train_image_0_2411.jpg,images/train/helopeltis/train_image_0_2411.jpg,helopeltis,1,kaggle,train
train_image_0_1515.jpg,images/train/helopeltis/train_image_0_1515.jpg,helopeltis,1,kaggle,train
train_image_0_673.jpg,images/train/helopeltis/train_image_0_673.jpg,helopeltis,1,kaggle,train
train_image_0_4201.jpg,images/train/helopeltis/train_image_0_4201.jpg,helopeltis,1,kaggle,train
train_image_0_1736.jpg,images/train/helopeltis/train_image_0_1736.jpg,helopeltis,1,kaggle,train
test_20220101_093558.jpg,images/train/helopeltis/test_20220101_093558.jpg,helopeltis,1,kaggle,train
train_image_0_3876.jpg,images/train/helopeltis/train_image_0_3876.jpg,helopeltis,1,kaggle,train
train_image_0_579.jpg,images/train/helopeltis/train_image_0_579.jpg,helopeltis,1,kaggle,train
train_image_0_927.jpg,images/train/helopeltis/train_image_0_927.jpg,helopeltis,1,kaggle,train
test_20220101_093605.jpg,images/train/helopeltis/test_20220101_093605.jpg,helopeltis,1,kaggle,train
train_20220101_105334.jpg,images/train/helopeltis/train_20220101_105334.jpg,helopeltis,1,kaggle,train
test_20220101_095703.jpg,images/train/helopeltis/test_20220101_095703.jpg,helopeltis,1,kaggle,train
test_20211205_155954.jpg,images/train/helopeltis/test_20211205_155954.jpg,helopeltis,1,kaggle,train
train_image_0_1767.jpg,images/train/helopeltis/train_image_0_1767.jpg,helopeltis,1,kaggle,train
test_20220101_092017.jpg,images/train/helopeltis/test_20220101_092017.jpg,helopeltis,1,kaggle,train
train_image_0_2216.jpg,images/train/helopeltis/train_image_0_2216.jpg,helopeltis,1,kaggle,train
train_image_0_3698.jpg,images/train/helopeltis/train_image_0_3698.jpg,helopeltis,1,kaggle,train
train_image_0_1536.jpg,images/train/helopeltis/train_image_0_1536.jpg,helopeltis,1,kaggle,train
test_20220101_103638.jpg,images/train/helopeltis/test_20220101_103638.jpg,helopeltis,1,kaggle,train
train_image_0_1200.jpg,images/train/helopeltis/train_image_0_1200.jpg,helopeltis,1,kaggle,train
train_image_0_1490.jpg,images/train/helopeltis/train_image_0_1490.jpg,helopeltis,1,kaggle,train
train_image_0_761.jpg,images/train/helopeltis/train_image_0_761.jpg,helopeltis,1,kaggle,train
train_image_0_2729.jpg,images/train/helopeltis/train_image_0_2729.jpg,helopeltis,1,kaggle,train
train_image_0_825.jpg,images/train/helopeltis/train_image_0_825.jpg,helopeltis,1,kaggle,train
train_image_0_2067.jpg,images/train/helopeltis/train_image_0_2067.jpg,helopeltis,1,kaggle,train
train_image_0_3569.jpg,images/train/helopeltis/train_image_0_3569.jpg,helopeltis,1,kaggle,train
train_image_0_1325.jpg,images/train/helopeltis/train_image_0_1325.jpg,helopeltis,1,kaggle,train
train_image_0_2908.jpg,images/train/helopeltis/train_image_0_2908.jpg,helopeltis,1,kaggle,train
train_image_0_2279.jpg,images/train/helopeltis/train_image_0_2279.jpg,helopeltis,1,kaggle,train
train_image_0_338.jpg,images/train/helopeltis/train_image_0_338.jpg,helopeltis,1,kaggle,train
train_image_0_4267.jpg,images/train/helopeltis/train_image_0_4267.jpg,helopeltis,1,kaggle,train
train_image_0_3196.jpg,images/train/helopeltis/train_image_0_3196.jpg,helopeltis,1,kaggle,train
train_20220101_114651.jpg,images/train/helopeltis/train_20220101_114651.jpg,helopeltis,1,kaggle,train
train_image_0_1669.jpg,images/train/helopeltis/train_image_0_1669.jpg,helopeltis,1,kaggle,train
train_image_0_3751.jpg,images/train/helopeltis/train_image_0_3751.jpg,helopeltis,1,kaggle,train
test_20220101_092303.jpg,images/train/helopeltis/test_20220101_092303.jpg,helopeltis,1,kaggle,train
train_image_0_2493.jpg,images/train/helopeltis/train_image_0_2493.jpg,helopeltis,1,kaggle,train
train_image_0_3124.jpg,images/train/helopeltis/train_image_0_3124.jpg,helopeltis,1,kaggle,train
train_image_0_2268.jpg,images/train/helopeltis/train_image_0_2268.jpg,helopeltis,1,kaggle,train
train_20220101_114554.jpg,images/train/helopeltis/train_20220101_114554.jpg,helopeltis,1,kaggle,train
test_20220101_104441.jpg,images/train/helopeltis/test_20220101_104441.jpg,helopeltis,1,kaggle,train
train_20220101_115431.jpg,images/train/helopeltis/train_20220101_115431.jpg,helopeltis,1,kaggle,train
obb_IMG_69_jpeg.rf.9e97bdd846eae2f19db0473cd687be67.jpg,images/train/helopeltis/obb_IMG_69_jpeg.rf.9e97bdd846eae2f19db0473cd687be67.jpg,helopeltis,1,field_collected,train
train_image_0_1692.jpg,images/train/helopeltis/train_image_0_1692.jpg,helopeltis,1,kaggle,train
train_image_0_3613.jpg,images/train/helopeltis/train_image_0_3613.jpg,helopeltis,1,kaggle,train
train_image_0_2801.jpg,images/train/helopeltis/train_image_0_2801.jpg,helopeltis,1,kaggle,train
train_image_0_2818.jpg,images/train/helopeltis/train_image_0_2818.jpg,helopeltis,1,kaggle,train
train_image_0_676.jpg,images/train/helopeltis/train_image_0_676.jpg,helopeltis,1,kaggle,train
train_image_0_2030.jpg,images/train/helopeltis/train_image_0_2030.jpg,helopeltis,1,kaggle,train
train_20220101_105416.jpg,images/train/helopeltis/train_20220101_105416.jpg,helopeltis,1,kaggle,train
train_image_0_3627.jpg,images/train/helopeltis/train_image_0_3627.jpg,helopeltis,1,kaggle,train
train_image_0_2828.jpg,images/train/helopeltis/train_image_0_2828.jpg,helopeltis,1,kaggle,train
train_image_0_1038.jpg,images/train/helopeltis/train_image_0_1038.jpg,helopeltis,1,kaggle,train
test_20220101_103423.jpg,images/train/helopeltis/test_20220101_103423.jpg,helopeltis,1,kaggle,train
test_20220101_091416.jpg,images/train/helopeltis/test_20220101_091416.jpg,helopeltis,1,kaggle,train
train_20220101_120438.jpg,images/train/helopeltis/train_20220101_120438.jpg,helopeltis,1,kaggle,train
train_20220101_113315.jpg,images/train/helopeltis/train_20220101_113315.jpg,helopeltis,1,kaggle,train
train_image_0_956.jpg,images/train/helopeltis/train_image_0_956.jpg,helopeltis,1,kaggle,train
train_image_0_886.jpg,images/train/helopeltis/train_image_0_886.jpg,helopeltis,1,kaggle,train
train_image_0_1245.jpg,images/train/helopeltis/train_image_0_1245.jpg,helopeltis,1,kaggle,train
train_image_0_979.jpg,images/train/helopeltis/train_image_0_979.jpg,helopeltis,1,kaggle,train
train_image_0_1598.jpg,images/train/helopeltis/train_image_0_1598.jpg,helopeltis,1,kaggle,train
train_image_0_4275.jpg,images/train/helopeltis/train_image_0_4275.jpg,helopeltis,1,kaggle,train
train_image_0_2856.jpg,images/train/helopeltis/train_image_0_2856.jpg,helopeltis,1,kaggle,train
train_image_0_4116.jpg,images/train/helopeltis/train_image_0_4116.jpg,helopeltis,1,kaggle,train
train_image_0_2029.jpg,images/train/helopeltis/train_image_0_2029.jpg,helopeltis,1,kaggle,train
train_image_0_1046.jpg,images/train/helopeltis/train_image_0_1046.jpg,helopeltis,1,kaggle,train
train_image_0_1369.jpg,images/train/helopeltis/train_image_0_1369.jpg,helopeltis,1,kaggle,train
train_image_0_1563.jpg,images/train/helopeltis/train_image_0_1563.jpg,helopeltis,1,kaggle,train
train_image_0_3407.jpg,images/train/helopeltis/train_image_0_3407.jpg,helopeltis,1,kaggle,train
train_image_0_130.jpg,images/train/helopeltis/train_image_0_130.jpg,helopeltis,1,kaggle,train
test_20220101_103356.jpg,images/train/helopeltis/test_20220101_103356.jpg,helopeltis,1,kaggle,train
train_image_0_450.jpg,images/train/helopeltis/train_image_0_450.jpg,helopeltis,1,kaggle,train
train_20220101_105753.jpg,images/train/helopeltis/train_20220101_105753.jpg,helopeltis,1,kaggle,train
train_image_0_936.jpg,images/train/helopeltis/train_image_0_936.jpg,helopeltis,1,kaggle,train
train_image_0_3900.jpg,images/train/helopeltis/train_image_0_3900.jpg,helopeltis,1,kaggle,train
train_image_0_4011.jpg,images/train/helopeltis/train_image_0_4011.jpg,helopeltis,1,kaggle,train
train_image_0_2089.jpg,images/train/helopeltis/train_image_0_2089.jpg,helopeltis,1,kaggle,train
train_20220101_104734.jpg,images/train/helopeltis/train_20220101_104734.jpg,helopeltis,1,kaggle,train
train_image_0_3026.jpg,images/train/helopeltis/train_image_0_3026.jpg,helopeltis,1,kaggle,train
train_image_0_3018.jpg,images/train/helopeltis/train_image_0_3018.jpg,helopeltis,1,kaggle,train
train_image_0_419.jpg,images/train/helopeltis/train_image_0_419.jpg,helopeltis,1,kaggle,train
train_image_0_4085.jpg,images/train/helopeltis/train_image_0_4085.jpg,helopeltis,1,kaggle,train
train_image_0_631.jpg,images/train/helopeltis/train_image_0_631.jpg,helopeltis,1,kaggle,train
train_image_0_3659.jpg,images/train/helopeltis/train_image_0_3659.jpg,helopeltis,1,kaggle,train
test_20211205_161114.jpg,images/train/helopeltis/test_20211205_161114.jpg,helopeltis,1,kaggle,train
test_20220101_094358.jpg,images/train/helopeltis/test_20220101_094358.jpg,helopeltis,1,kaggle,train
train_image_0_2490.jpg,images/train/helopeltis/train_image_0_2490.jpg,helopeltis,1,kaggle,train
test_20220101_094405.jpg,images/train/helopeltis/test_20220101_094405.jpg,helopeltis,1,kaggle,train
train_image_0_2414.jpg,images/train/helopeltis/train_image_0_2414.jpg,helopeltis,1,kaggle,train
train_image_0_1269.jpg,images/train/helopeltis/train_image_0_1269.jpg,helopeltis,1,kaggle,train
train_image_0_4159.jpg,images/train/helopeltis/train_image_0_4159.jpg,helopeltis,1,kaggle,train
train_image_0_1755.jpg,images/train/helopeltis/train_image_0_1755.jpg,helopeltis,1,kaggle,train
test_20220101_102347.jpg,images/train/helopeltis/test_20220101_102347.jpg,helopeltis,1,kaggle,train
train_image_0_1142.jpg,images/train/helopeltis/train_image_0_1142.jpg,helopeltis,1,kaggle,train
train_image_0_2179.jpg,images/train/helopeltis/train_image_0_2179.jpg,helopeltis,1,kaggle,train
test_20220101_104239.jpg,images/train/helopeltis/test_20220101_104239.jpg,helopeltis,1,kaggle,train
train_image_0_1394.jpg,images/train/helopeltis/train_image_0_1394.jpg,helopeltis,1,kaggle,train
train_image_0_2226.jpg,images/train/helopeltis/train_image_0_2226.jpg,helopeltis,1,kaggle,train
train_image_0_2394.jpg,images/train/helopeltis/train_image_0_2394.jpg,helopeltis,1,kaggle,train
train_20220101_105041.jpg,images/train/helopeltis/train_20220101_105041.jpg,helopeltis,1,kaggle,train
train_image_0_2143.jpg,images/train/helopeltis/train_image_0_2143.jpg,helopeltis,1,kaggle,train
train_image_0_2155.jpg,images/train/helopeltis/train_image_0_2155.jpg,helopeltis,1,kaggle,train
train_image_0_1147.jpg,images/train/helopeltis/train_image_0_1147.jpg,helopeltis,1,kaggle,train
train_image_0_569.jpg,images/train/helopeltis/train_image_0_569.jpg,helopeltis,1,kaggle,train
train_image_0_2122.jpg,images/train/helopeltis/train_image_0_2122.jpg,helopeltis,1,kaggle,train
train_image_0_2516.jpg,images/train/helopeltis/train_image_0_2516.jpg,helopeltis,1,kaggle,train
train_20220101_105435.jpg,images/train/helopeltis/train_20220101_105435.jpg,helopeltis,1,kaggle,train
train_image_0_2167.jpg,images/train/helopeltis/train_image_0_2167.jpg,helopeltis,1,kaggle,train
train_image_0_1300.jpg,images/train/helopeltis/train_image_0_1300.jpg,helopeltis,1,kaggle,train
train_image_0_3107.jpg,images/train/helopeltis/train_image_0_3107.jpg,helopeltis,1,kaggle,train
test_20211205_160923.jpg,images/train/helopeltis/test_20211205_160923.jpg,helopeltis,1,kaggle,train
train_image_0_3010.jpg,images/train/helopeltis/train_image_0_3010.jpg,helopeltis,1,kaggle,train
train_image_0_925.jpg,images/train/helopeltis/train_image_0_925.jpg,helopeltis,1,kaggle,train
train_image_0_3866.jpg,images/train/helopeltis/train_image_0_3866.jpg,helopeltis,1,kaggle,train
test_20220101_103625.jpg,images/train/helopeltis/test_20220101_103625.jpg,helopeltis,1,kaggle,train
train_image_0_3012.jpg,images/train/helopeltis/train_image_0_3012.jpg,helopeltis,1,kaggle,train
train_image_0_145.jpg,images/train/helopeltis/train_image_0_145.jpg,helopeltis,1,kaggle,train
train_image_0_2361.jpg,images/train/helopeltis/train_image_0_2361.jpg,helopeltis,1,kaggle,train
train_image_0_714.jpg,images/train/helopeltis/train_image_0_714.jpg,helopeltis,1,kaggle,train
train_image_0_1308.jpg,images/train/helopeltis/train_image_0_1308.jpg,helopeltis,1,kaggle,train
train_image_0_2497.jpg,images/train/helopeltis/train_image_0_2497.jpg,helopeltis,1,kaggle,train
test_20220101_102913.jpg,images/train/helopeltis/test_20220101_102913.jpg,helopeltis,1,kaggle,train
test_20220101_095455.jpg,images/train/helopeltis/test_20220101_095455.jpg,helopeltis,1,kaggle,train
train_image_0_634.jpg,images/train/helopeltis/train_image_0_634.jpg,helopeltis,1,kaggle,train
train_image_0_2559.jpg,images/train/helopeltis/train_image_0_2559.jpg,helopeltis,1,kaggle,train
train_image_0_4133.jpg,images/train/helopeltis/train_image_0_4133.jpg,helopeltis,1,kaggle,train
test_20220101_104206.jpg,images/train/helopeltis/test_20220101_104206.jpg,helopeltis,1,kaggle,train
train_image_0_3606.jpg,images/train/helopeltis/train_image_0_3606.jpg,helopeltis,1,kaggle,train
train_image_0_3998.jpg,images/train/helopeltis/train_image_0_3998.jpg,helopeltis,1,kaggle,train
train_image_0_1084.jpg,images/train/helopeltis/train_image_0_1084.jpg,helopeltis,1,kaggle,train
train_image_0_3882.jpg,images/train/helopeltis/train_image_0_3882.jpg,helopeltis,1,kaggle,train
train_image_0_3014.jpg,images/train/helopeltis/train_image_0_3014.jpg,helopeltis,1,kaggle,train
train_image_0_3761.jpg,images/train/helopeltis/train_image_0_3761.jpg,helopeltis,1,kaggle,train
test_20211205_160857.jpg,images/train/helopeltis/test_20211205_160857.jpg,helopeltis,1,kaggle,train
train_image_0_3136.jpg,images/train/helopeltis/train_image_0_3136.jpg,helopeltis,1,kaggle,train
train_20220101_105108.jpg,images/train/helopeltis/train_20220101_105108.jpg,helopeltis,1,kaggle,train
train_image_0_165.jpg,images/train/helopeltis/train_image_0_165.jpg,helopeltis,1,kaggle,train
train_image_0_409.jpg,images/train/helopeltis/train_image_0_409.jpg,helopeltis,1,kaggle,train
train_image_0_1934.jpg,images/train/helopeltis/train_image_0_1934.jpg,helopeltis,1,kaggle,train
train_image_0_3667.jpg,images/train/helopeltis/train_image_0_3667.jpg,helopeltis,1,kaggle,train
train_image_0_3064.jpg,images/train/helopeltis/train_image_0_3064.jpg,helopeltis,1,kaggle,train
train_image_0_3307.jpg,images/train/helopeltis/train_image_0_3307.jpg,helopeltis,1,kaggle,train
train_image_0_4108.jpg,images/train/helopeltis/train_image_0_4108.jpg,helopeltis,1,kaggle,train
train_image_0_1504.jpg,images/train/helopeltis/train_image_0_1504.jpg,helopeltis,1,kaggle,train
train_image_0_681.jpg,images/train/helopeltis/train_image_0_681.jpg,helopeltis,1,kaggle,train
train_image_0_3782.jpg,images/train/helopeltis/train_image_0_3782.jpg,helopeltis,1,kaggle,train
train_20220101_104917.jpg,images/train/helopeltis/train_20220101_104917.jpg,helopeltis,1,kaggle,train
train_image_0_3155.jpg,images/train/helopeltis/train_image_0_3155.jpg,helopeltis,1,kaggle,train
train_image_0_3828.jpg,images/train/helopeltis/train_image_0_3828.jpg,helopeltis,1,kaggle,train
test_20220101_102926.jpg,images/train/helopeltis/test_20220101_102926.jpg,helopeltis,1,kaggle,train
train_image_0_3737.jpg,images/train/helopeltis/train_image_0_3737.jpg,helopeltis,1,kaggle,train
train_20220101_105007.jpg,images/train/helopeltis/train_20220101_105007.jpg,helopeltis,1,kaggle,train
train_20220101_121454.jpg,images/train/helopeltis/train_20220101_121454.jpg,helopeltis,1,kaggle,train
train_20220101_121114.jpg,images/train/helopeltis/train_20220101_121114.jpg,helopeltis,1,kaggle,train
train_image_0_3661.jpg,images/train/helopeltis/train_image_0_3661.jpg,helopeltis,1,kaggle,train
train_20220101_105424.jpg,images/train/helopeltis/train_20220101_105424.jpg,helopeltis,1,kaggle,train
train_image_0_928.jpg,images/train/helopeltis/train_image_0_928.jpg,helopeltis,1,kaggle,train
train_image_0_3349.jpg,images/train/helopeltis/train_image_0_3349.jpg,helopeltis,1,kaggle,train
test_20220101_094229.jpg,images/train/helopeltis/test_20220101_094229.jpg,helopeltis,1,kaggle,train
test_20220101_095018.jpg,images/train/helopeltis/test_20220101_095018.jpg,helopeltis,1,kaggle,train
train_image_0_2427.jpg,images/train/helopeltis/train_image_0_2427.jpg,helopeltis,1,kaggle,train
test_20220101_101321.jpg,images/train/helopeltis/test_20220101_101321.jpg,helopeltis,1,kaggle,train
test_20220101_094038.jpg,images/train/helopeltis/test_20220101_094038.jpg,helopeltis,1,kaggle,train
train_image_0_764.jpg,images/train/helopeltis/train_image_0_764.jpg,helopeltis,1,kaggle,train
train_image_0_616.jpg,images/train/helopeltis/train_image_0_616.jpg,helopeltis,1,kaggle,train
train_image_0_896.jpg,images/train/helopeltis/train_image_0_896.jpg,helopeltis,1,kaggle,train
train_image_0_1697.jpg,images/train/helopeltis/train_image_0_1697.jpg,helopeltis,1,kaggle,train
train_image_0_2474.jpg,images/train/helopeltis/train_image_0_2474.jpg,helopeltis,1,kaggle,train
train_image_0_2918.jpg,images/train/helopeltis/train_image_0_2918.jpg,helopeltis,1,kaggle,train
train_image_0_1779.jpg,images/train/helopeltis/train_image_0_1779.jpg,helopeltis,1,kaggle,train
train_image_0_2433.jpg,images/train/helopeltis/train_image_0_2433.jpg,helopeltis,1,kaggle,train
train_image_0_1711.jpg,images/train/helopeltis/train_image_0_1711.jpg,helopeltis,1,kaggle,train
train_image_0_2170.jpg,images/train/helopeltis/train_image_0_2170.jpg,helopeltis,1,kaggle,train
train_image_0_1270.jpg,images/train/helopeltis/train_image_0_1270.jpg,helopeltis,1,kaggle,train
test_20220101_094948.jpg,images/train/helopeltis/test_20220101_094948.jpg,helopeltis,1,kaggle,train
train_image_0_3783.jpg,images/train/helopeltis/train_image_0_3783.jpg,helopeltis,1,kaggle,train
test_20220101_095922.jpg,images/train/helopeltis/test_20220101_095922.jpg,helopeltis,1,kaggle,train
train_image_0_1699.jpg,images/train/helopeltis/train_image_0_1699.jpg,helopeltis,1,kaggle,train
train_image_0_3031.jpg,images/train/helopeltis/train_image_0_3031.jpg,helopeltis,1,kaggle,train
train_image_0_3536.jpg,images/train/helopeltis/train_image_0_3536.jpg,helopeltis,1,kaggle,train
train_image_0_3285.jpg,images/train/helopeltis/train_image_0_3285.jpg,helopeltis,1,kaggle,train
train_image_0_874.jpg,images/train/helopeltis/train_image_0_874.jpg,helopeltis,1,kaggle,train
train_image_0_1675.jpg,images/train/helopeltis/train_image_0_1675.jpg,helopeltis,1,kaggle,train
train_image_0_2254.jpg,images/train/helopeltis/train_image_0_2254.jpg,helopeltis,1,kaggle,train
train_image_0_1187.jpg,images/train/helopeltis/train_image_0_1187.jpg,helopeltis,1,kaggle,train
train_image_0_70.jpg,images/train/helopeltis/train_image_0_70.jpg,helopeltis,1,kaggle,train
test_20220101_092709.jpg,images/train/helopeltis/test_20220101_092709.jpg,helopeltis,1,kaggle,train
train_image_0_129.jpg,images/train/helopeltis/train_image_0_129.jpg,helopeltis,1,kaggle,train
test_20220101_092229.jpg,images/train/helopeltis/test_20220101_092229.jpg,helopeltis,1,kaggle,train
test_20220101_103900.jpg,images/train/helopeltis/test_20220101_103900.jpg,helopeltis,1,kaggle,train
train_image_0_1275.jpg,images/train/helopeltis/train_image_0_1275.jpg,helopeltis,1,kaggle,train
train_image_0_1557.jpg,images/train/helopeltis/train_image_0_1557.jpg,helopeltis,1,kaggle,train
train_image_0_2247.jpg,images/train/helopeltis/train_image_0_2247.jpg,helopeltis,1,kaggle,train
train_image_0_467.jpg,images/train/helopeltis/train_image_0_467.jpg,helopeltis,1,kaggle,train
test_20211205_155948.jpg,images/train/helopeltis/test_20211205_155948.jpg,helopeltis,1,kaggle,train
train_image_0_3918.jpg,images/train/helopeltis/train_image_0_3918.jpg,helopeltis,1,kaggle,train
train_image_0_1483.jpg,images/train/helopeltis/train_image_0_1483.jpg,helopeltis,1,kaggle,train
train_image_0_3265.jpg,images/train/helopeltis/train_image_0_3265.jpg,helopeltis,1,kaggle,train
train_20220101_104635.jpg,images/train/helopeltis/train_20220101_104635.jpg,helopeltis,1,kaggle,train
train_image_0_1148.jpg,images/train/helopeltis/train_image_0_1148.jpg,helopeltis,1,kaggle,train
test_20220101_104529.jpg,images/train/helopeltis/test_20220101_104529.jpg,helopeltis,1,kaggle,train
train_image_0_1832.jpg,images/train/helopeltis/train_image_0_1832.jpg,helopeltis,1,kaggle,train
train_image_0_4257.jpg,images/train/helopeltis/train_image_0_4257.jpg,helopeltis,1,kaggle,train
train_image_0_3597.jpg,images/train/helopeltis/train_image_0_3597.jpg,helopeltis,1,kaggle,train
test_20220101_102559.jpg,images/train/helopeltis/test_20220101_102559.jpg,helopeltis,1,kaggle,train
test_20220101_091850.jpg,images/train/helopeltis/test_20220101_091850.jpg,helopeltis,1,kaggle,train
train_image_0_3381.jpg,images/train/helopeltis/train_image_0_3381.jpg,helopeltis,1,kaggle,train
train_image_0_3609.jpg,images/train/helopeltis/train_image_0_3609.jpg,helopeltis,1,kaggle,train
train_20220101_104824.jpg,images/train/helopeltis/train_20220101_104824.jpg,helopeltis,1,kaggle,train
train_image_0_2681.jpg,images/train/helopeltis/train_image_0_2681.jpg,helopeltis,1,kaggle,train
train_image_0_3528.jpg,images/train/helopeltis/train_image_0_3528.jpg,helopeltis,1,kaggle,train
train_image_0_3874.jpg,images/train/helopeltis/train_image_0_3874.jpg,helopeltis,1,kaggle,train
train_image_0_3875.jpg,images/train/helopeltis/train_image_0_3875.jpg,helopeltis,1,kaggle,train
train_image_0_1240.jpg,images/train/helopeltis/train_image_0_1240.jpg,helopeltis,1,kaggle,train
train_image_0_2852.jpg,images/train/helopeltis/train_image_0_2852.jpg,helopeltis,1,kaggle,train
train_image_0_2547.jpg,images/train/helopeltis/train_image_0_2547.jpg,helopeltis,1,kaggle,train
train_image_0_2239.jpg,images/train/helopeltis/train_image_0_2239.jpg,helopeltis,1,kaggle,train
train_image_0_3375.jpg,images/train/helopeltis/train_image_0_3375.jpg,helopeltis,1,kaggle,train
train_20220101_113942.jpg,images/train/helopeltis/train_20220101_113942.jpg,helopeltis,1,kaggle,train
train_image_0_2725.jpg,images/train/helopeltis/train_image_0_2725.jpg,helopeltis,1,kaggle,train
test_20220101_093739.jpg,images/train/helopeltis/test_20220101_093739.jpg,helopeltis,1,kaggle,train
test_20220101_095137.jpg,images/train/helopeltis/test_20220101_095137.jpg,helopeltis,1,kaggle,train
train_image_0_1477.jpg,images/train/helopeltis/train_image_0_1477.jpg,helopeltis,1,kaggle,train
train_20220101_105446.jpg,images/train/helopeltis/train_20220101_105446.jpg,helopeltis,1,kaggle,train
train_image_0_471.jpg,images/train/helopeltis/train_image_0_471.jpg,helopeltis,1,kaggle,train
train_image_0_2120.jpg,images/train/helopeltis/train_image_0_2120.jpg,helopeltis,1,kaggle,train
test_20220101_103002.jpg,images/train/helopeltis/test_20220101_103002.jpg,helopeltis,1,kaggle,train
train_image_0_3953.jpg,images/train/helopeltis/train_image_0_3953.jpg,helopeltis,1,kaggle,train
test_20220101_101316.jpg,images/train/helopeltis/test_20220101_101316.jpg,helopeltis,1,kaggle,train
train_image_0_265.jpg,images/train/helopeltis/train_image_0_265.jpg,helopeltis,1,kaggle,train
train_image_0_486.jpg,images/train/helopeltis/train_image_0_486.jpg,helopeltis,1,kaggle,train
test_20220101_102359.jpg,images/train/helopeltis/test_20220101_102359.jpg,helopeltis,1,kaggle,train
test_20220101_095658.jpg,images/train/helopeltis/test_20220101_095658.jpg,helopeltis,1,kaggle,train
train_image_0_701.jpg,images/train/helopeltis/train_image_0_701.jpg,helopeltis,1,kaggle,train
test_20220101_091041.jpg,images/train/helopeltis/test_20220101_091041.jpg,helopeltis,1,kaggle,train
train_image_0_3565.jpg,images/train/helopeltis/train_image_0_3565.jpg,helopeltis,1,kaggle,train
test_20220101_104409.jpg,images/train/helopeltis/test_20220101_104409.jpg,helopeltis,1,kaggle,train
train_image_0_3491.jpg,images/train/helopeltis/train_image_0_3491.jpg,helopeltis,1,kaggle,train
test_20211205_161031.jpg,images/train/helopeltis/test_20211205_161031.jpg,helopeltis,1,kaggle,train
train_image_0_601.jpg,images/train/helopeltis/train_image_0_601.jpg,helopeltis,1,kaggle,train
train_image_0_2678.jpg,images/train/helopeltis/train_image_0_2678.jpg,helopeltis,1,kaggle,train
train_20220101_113856.jpg,images/train/helopeltis/train_20220101_113856.jpg,helopeltis,1,kaggle,train
train_image_0_2673.jpg,images/train/helopeltis/train_image_0_2673.jpg,helopeltis,1,kaggle,train
train_20220101_122301.jpg,images/train/helopeltis/train_20220101_122301.jpg,helopeltis,1,kaggle,train
train_image_0_3679.jpg,images/train/helopeltis/train_image_0_3679.jpg,helopeltis,1,kaggle,train
train_image_0_2215.jpg,images/train/helopeltis/train_image_0_2215.jpg,helopeltis,1,kaggle,train
test_20220101_102229.jpg,images/train/helopeltis/test_20220101_102229.jpg,helopeltis,1,kaggle,train
test_20220101_093353.jpg,images/train/helopeltis/test_20220101_093353.jpg,helopeltis,1,kaggle,train
train_image_0_2235.jpg,images/train/helopeltis/train_image_0_2235.jpg,helopeltis,1,kaggle,train
test_20220101_103631.jpg,images/train/helopeltis/test_20220101_103631.jpg,helopeltis,1,kaggle,train
train_image_0_1848.jpg,images/train/helopeltis/train_image_0_1848.jpg,helopeltis,1,kaggle,train
train_20220101_105717.jpg,images/train/helopeltis/train_20220101_105717.jpg,helopeltis,1,kaggle,train
train_image_0_2363.jpg,images/train/helopeltis/train_image_0_2363.jpg,helopeltis,1,kaggle,train
train_image_0_1628.jpg,images/train/helopeltis/train_image_0_1628.jpg,helopeltis,1,kaggle,train
train_image_0_2206.jpg,images/train/helopeltis/train_image_0_2206.jpg,helopeltis,1,kaggle,train
train_image_0_3955.jpg,images/train/helopeltis/train_image_0_3955.jpg,helopeltis,1,kaggle,train
train_image_0_273.jpg,images/train/helopeltis/train_image_0_273.jpg,helopeltis,1,kaggle,train
train_image_0_1025.jpg,images/train/helopeltis/train_image_0_1025.jpg,helopeltis,1,kaggle,train
train_20220101_105339.jpg,images/train/helopeltis/train_20220101_105339.jpg,helopeltis,1,kaggle,train
train_image_0_2697.jpg,images/train/helopeltis/train_image_0_2697.jpg,helopeltis,1,kaggle,train
train_image_0_1212.jpg,images/train/helopeltis/train_image_0_1212.jpg,helopeltis,1,kaggle,train
train_image_0_4279.jpg,images/train/helopeltis/train_image_0_4279.jpg,helopeltis,1,kaggle,train
train_image_0_607.jpg,images/train/helopeltis/train_image_0_607.jpg,helopeltis,1,kaggle,train
test_20220101_092011.jpg,images/train/helopeltis/test_20220101_092011.jpg,helopeltis,1,kaggle,train
train_image_0_177.jpg,images/train/helopeltis/train_image_0_177.jpg,helopeltis,1,kaggle,train
train_image_0_3948.jpg,images/train/helopeltis/train_image_0_3948.jpg,helopeltis,1,kaggle,train
train_image_0_3282.jpg,images/train/helopeltis/train_image_0_3282.jpg,helopeltis,1,kaggle,train
train_image_0_4232.jpg,images/train/helopeltis/train_image_0_4232.jpg,helopeltis,1,kaggle,train
train_image_0_22.jpg,images/train/helopeltis/train_image_0_22.jpg,helopeltis,1,kaggle,train
train_image_0_4142.jpg,images/train/helopeltis/train_image_0_4142.jpg,helopeltis,1,kaggle,train
train_image_0_3182.jpg,images/train/helopeltis/train_image_0_3182.jpg,helopeltis,1,kaggle,train
test_20220101_092205.jpg,images/train/helopeltis/test_20220101_092205.jpg,helopeltis,1,kaggle,train
train_image_0_431.jpg,images/train/helopeltis/train_image_0_431.jpg,helopeltis,1,kaggle,train
train_20220101_121243.jpg,images/train/helopeltis/train_20220101_121243.jpg,helopeltis,1,kaggle,train
train_image_0_3296.jpg,images/train/helopeltis/train_image_0_3296.jpg,helopeltis,1,kaggle,train
test_20220101_102954.jpg,images/train/helopeltis/test_20220101_102954.jpg,helopeltis,1,kaggle,train
train_image_0_3516.jpg,images/train/helopeltis/train_image_0_3516.jpg,helopeltis,1,kaggle,train
train_image_0_2327.jpg,images/train/helopeltis/train_image_0_2327.jpg,helopeltis,1,kaggle,train
test_20220101_104004.jpg,images/train/helopeltis/test_20220101_104004.jpg,helopeltis,1,kaggle,train
train_image_0_3683.jpg,images/train/helopeltis/train_image_0_3683.jpg,helopeltis,1,kaggle,train
train_image_0_3687.jpg,images/train/helopeltis/train_image_0_3687.jpg,helopeltis,1,kaggle,train
train_image_0_3829.jpg,images/train/helopeltis/train_image_0_3829.jpg,helopeltis,1,kaggle,train
train_20220101_104640.jpg,images/train/helopeltis/train_20220101_104640.jpg,helopeltis,1,kaggle,train
train_image_0_837.jpg,images/train/helopeltis/train_image_0_837.jpg,helopeltis,1,kaggle,train
train_image_0_86.jpg,images/train/helopeltis/train_image_0_86.jpg,helopeltis,1,kaggle,train
train_image_0_3883.jpg,images/train/helopeltis/train_image_0_3883.jpg,helopeltis,1,kaggle,train
train_image_0_1413.jpg,images/train/helopeltis/train_image_0_1413.jpg,helopeltis,1,kaggle,train
train_image_0_2991.jpg,images/train/helopeltis/train_image_0_2991.jpg,helopeltis,1,kaggle,train
train_image_0_350.jpg,images/train/helopeltis/train_image_0_350.jpg,helopeltis,1,kaggle,train
train_image_0_3899.jpg,images/train/helopeltis/train_image_0_3899.jpg,helopeltis,1,kaggle,train
train_image_0_2835.jpg,images/train/helopeltis/train_image_0_2835.jpg,helopeltis,1,kaggle,train
test_20220101_093941.jpg,images/train/helopeltis/test_20220101_093941.jpg,helopeltis,1,kaggle,train
test_20220101_091601.jpg,images/train/helopeltis/test_20220101_091601.jpg,helopeltis,1,kaggle,train
train_image_0_3220.jpg,images/train/helopeltis/train_image_0_3220.jpg,helopeltis,1,kaggle,train
train_image_0_1746.jpg,images/train/helopeltis/train_image_0_1746.jpg,helopeltis,1,kaggle,train
train_image_0_704.jpg,images/train/helopeltis/train_image_0_704.jpg,helopeltis,1,kaggle,train
test_20220101_094018.jpg,images/train/helopeltis/test_20220101_094018.jpg,helopeltis,1,kaggle,train
train_image_0_3274.jpg,images/train/helopeltis/train_image_0_3274.jpg,helopeltis,1,kaggle,train
obb_80_jpg.rf.57f0b5175a4aa0b217b5fa8f69962546.jpg,images/train/helopeltis/obb_80_jpg.rf.57f0b5175a4aa0b217b5fa8f69962546.jpg,helopeltis,1,field_collected,train
train_image_0_1854.jpg,images/train/helopeltis/train_image_0_1854.jpg,helopeltis,1,kaggle,train
test_20220101_103616.jpg,images/train/helopeltis/test_20220101_103616.jpg,helopeltis,1,kaggle,train
train_image_0_807.jpg,images/train/helopeltis/train_image_0_807.jpg,helopeltis,1,kaggle,train
train_image_0_857.jpg,images/train/helopeltis/train_image_0_857.jpg,helopeltis,1,kaggle,train
train_image_0_1305.jpg,images/train/helopeltis/train_image_0_1305.jpg,helopeltis,1,kaggle,train
train_image_0_477.jpg,images/train/helopeltis/train_image_0_477.jpg,helopeltis,1,kaggle,train
train_image_0_312.jpg,images/train/helopeltis/train_image_0_312.jpg,helopeltis,1,kaggle,train
train_image_0_4117.jpg,images/train/helopeltis/train_image_0_4117.jpg,helopeltis,1,kaggle,train
test_20220101_101827.jpg,images/train/helopeltis/test_20220101_101827.jpg,helopeltis,1,kaggle,train
train_image_0_1295.jpg,images/train/helopeltis/train_image_0_1295.jpg,helopeltis,1,kaggle,train
train_image_0_2872.jpg,images/train/helopeltis/train_image_0_2872.jpg,helopeltis,1,kaggle,train
train_image_0_538.jpg,images/train/helopeltis/train_image_0_538.jpg,helopeltis,1,kaggle,train
train_image_0_3017.jpg,images/train/helopeltis/train_image_0_3017.jpg,helopeltis,1,kaggle,train
test_20211205_160149.jpg,images/train/helopeltis/test_20211205_160149.jpg,helopeltis,1,kaggle,train
train_20220101_121051.jpg,images/train/helopeltis/train_20220101_121051.jpg,helopeltis,1,kaggle,train
train_image_0_695.jpg,images/train/helopeltis/train_image_0_695.jpg,helopeltis,1,kaggle,train
train_image_0_1256.jpg,images/train/helopeltis/train_image_0_1256.jpg,helopeltis,1,kaggle,train
train_image_0_1052.jpg,images/train/helopeltis/train_image_0_1052.jpg,helopeltis,1,kaggle,train
train_image_0_662.jpg,images/train/helopeltis/train_image_0_662.jpg,helopeltis,1,kaggle,train
train_image_0_4006.jpg,images/train/helopeltis/train_image_0_4006.jpg,helopeltis,1,kaggle,train
train_image_0_418.jpg,images/train/helopeltis/train_image_0_418.jpg,helopeltis,1,kaggle,train
train_image_0_4091.jpg,images/train/helopeltis/train_image_0_4091.jpg,helopeltis,1,kaggle,train
train_image_0_1853.jpg,images/train/helopeltis/train_image_0_1853.jpg,helopeltis,1,kaggle,train
train_20220101_104745.jpg,images/train/helopeltis/train_20220101_104745.jpg,helopeltis,1,kaggle,train
train_image_0_90.jpg,images/train/helopeltis/train_image_0_90.jpg,helopeltis,1,kaggle,train
test_20220101_095951.jpg,images/train/helopeltis/test_20220101_095951.jpg,helopeltis,1,kaggle,train
train_image_0_3398.jpg,images/train/helopeltis/train_image_0_3398.jpg,helopeltis,1,kaggle,train
test_20220101_102059.jpg,images/train/helopeltis/test_20220101_102059.jpg,helopeltis,1,kaggle,train
train_image_0_2261.jpg,images/train/helopeltis/train_image_0_2261.jpg,helopeltis,1,kaggle,train
test_20220101_093501.jpg,images/train/helopeltis/test_20220101_093501.jpg,helopeltis,1,kaggle,train
test_20220101_103925.jpg,images/train/helopeltis/test_20220101_103925.jpg,helopeltis,1,kaggle,train
train_20220101_121044.jpg,images/train/helopeltis/train_20220101_121044.jpg,helopeltis,1,kaggle,train
train_image_0_1639.jpg,images/train/helopeltis/train_image_0_1639.jpg,helopeltis,1,kaggle,train
train_image_0_3425.jpg,images/train/helopeltis/train_image_0_3425.jpg,helopeltis,1,kaggle,train
train_image_0_849.jpg,images/train/helopeltis/train_image_0_849.jpg,helopeltis,1,kaggle,train
train_image_0_164.jpg,images/val/helopeltis/train_image_0_164.jpg,helopeltis,1,kaggle,val
test_20220101_095944.jpg,images/val/helopeltis/test_20220101_095944.jpg,helopeltis,1,kaggle,val
train_image_0_3668.jpg,images/val/helopeltis/train_image_0_3668.jpg,helopeltis,1,kaggle,val
train_image_0_381.jpg,images/val/helopeltis/train_image_0_381.jpg,helopeltis,1,kaggle,val
test_20220101_094301.jpg,images/val/helopeltis/test_20220101_094301.jpg,helopeltis,1,kaggle,val
test_20220101_095742.jpg,images/val/helopeltis/test_20220101_095742.jpg,helopeltis,1,kaggle,val
train_20220101_105526.jpg,images/val/helopeltis/train_20220101_105526.jpg,helopeltis,1,kaggle,val
train_image_0_981.jpg,images/val/helopeltis/train_image_0_981.jpg,helopeltis,1,kaggle,val
train_image_0_2668.jpg,images/val/helopeltis/train_image_0_2668.jpg,helopeltis,1,kaggle,val
test_20220101_103712.jpg,images/val/helopeltis/test_20220101_103712.jpg,helopeltis,1,kaggle,val
test_20220101_102541.jpg,images/val/helopeltis/test_20220101_102541.jpg,helopeltis,1,kaggle,val
train_image_0_100.jpg,images/val/helopeltis/train_image_0_100.jpg,helopeltis,1,kaggle,val
train_image_0_4010.jpg,images/val/helopeltis/train_image_0_4010.jpg,helopeltis,1,kaggle,val
train_image_0_2525.jpg,images/val/helopeltis/train_image_0_2525.jpg,helopeltis,1,kaggle,val
train_image_0_1349.jpg,images/val/helopeltis/train_image_0_1349.jpg,helopeltis,1,kaggle,val
train_image_0_1797.jpg,images/val/helopeltis/train_image_0_1797.jpg,helopeltis,1,kaggle,val
train_image_0_3818.jpg,images/val/helopeltis/train_image_0_3818.jpg,helopeltis,1,kaggle,val
train_20220101_104654.jpg,images/val/helopeltis/train_20220101_104654.jpg,helopeltis,1,kaggle,val
train_image_0_1419.jpg,images/val/helopeltis/train_image_0_1419.jpg,helopeltis,1,kaggle,val
train_image_0_189.jpg,images/val/helopeltis/train_image_0_189.jpg,helopeltis,1,kaggle,val
train_image_0_4251.jpg,images/val/helopeltis/train_image_0_4251.jpg,helopeltis,1,kaggle,val
train_image_0_1700.jpg,images/val/helopeltis/train_image_0_1700.jpg,helopeltis,1,kaggle,val
test_20220101_103727.jpg,images/val/helopeltis/test_20220101_103727.jpg,helopeltis,1,kaggle,val
train_image_0_4083.jpg,images/val/helopeltis/train_image_0_4083.jpg,helopeltis,1,kaggle,val
train_image_0_3593.jpg,images/val/helopeltis/train_image_0_3593.jpg,helopeltis,1,kaggle,val
train_image_0_1244.jpg,images/val/helopeltis/train_image_0_1244.jpg,helopeltis,1,kaggle,val
train_image_0_3315.jpg,images/val/helopeltis/train_image_0_3315.jpg,helopeltis,1,kaggle,val
train_image_0_340.jpg,images/val/helopeltis/train_image_0_340.jpg,helopeltis,1,kaggle,val
train_20220101_121105.jpg,images/val/helopeltis/train_20220101_121105.jpg,helopeltis,1,kaggle,val
train_image_0_1975.jpg,images/val/helopeltis/train_image_0_1975.jpg,helopeltis,1,kaggle,val
train_image_0_3749.jpg,images/val/helopeltis/train_image_0_3749.jpg,helopeltis,1,kaggle,val
test_20220101_093613.jpg,images/val/helopeltis/test_20220101_093613.jpg,helopeltis,1,kaggle,val
train_image_0_2566.jpg,images/val/helopeltis/train_image_0_2566.jpg,helopeltis,1,kaggle,val
train_image_0_1408.jpg,images/val/helopeltis/train_image_0_1408.jpg,helopeltis,1,kaggle,val
test_20220101_095547.jpg,images/val/helopeltis/test_20220101_095547.jpg,helopeltis,1,kaggle,val
train_image_0_1689.jpg,images/val/helopeltis/train_image_0_1689.jpg,helopeltis,1,kaggle,val
train_image_0_641.jpg,images/val/helopeltis/train_image_0_641.jpg,helopeltis,1,kaggle,val
test_20220101_094955.jpg,images/val/helopeltis/test_20220101_094955.jpg,helopeltis,1,kaggle,val
train_image_0_487.jpg,images/val/helopeltis/train_image_0_487.jpg,helopeltis,1,kaggle,val
test_20220101_093843.jpg,images/val/helopeltis/test_20220101_093843.jpg,helopeltis,1,kaggle,val
train_image_0_1920.jpg,images/val/helopeltis/train_image_0_1920.jpg,helopeltis,1,kaggle,val
test_20220101_102451.jpg,images/val/helopeltis/test_20220101_102451.jpg,helopeltis,1,kaggle,val
train_image_0_3739.jpg,images/val/helopeltis/train_image_0_3739.jpg,helopeltis,1,kaggle,val
train_image_0_3614.jpg,images/val/helopeltis/train_image_0_3614.jpg,helopeltis,1,kaggle,val
train_image_0_888.jpg,images/val/helopeltis/train_image_0_888.jpg,helopeltis,1,kaggle,val
train_image_0_1656.jpg,images/val/helopeltis/train_image_0_1656.jpg,helopeltis,1,kaggle,val
train_image_0_1098.jpg,images/val/helopeltis/train_image_0_1098.jpg,helopeltis,1,kaggle,val
test_20220101_095540.jpg,images/val/helopeltis/test_20220101_095540.jpg,helopeltis,1,kaggle,val
train_image_0_3231.jpg,images/val/helopeltis/train_image_0_3231.jpg,helopeltis,1,kaggle,val
train_image_0_1533.jpg,images/val/helopeltis/train_image_0_1533.jpg,helopeltis,1,kaggle,val
train_image_0_2251.jpg,images/val/helopeltis/train_image_0_2251.jpg,helopeltis,1,kaggle,val
train_image_0_1264.jpg,images/val/helopeltis/train_image_0_1264.jpg,helopeltis,1,kaggle,val
train_image_0_856.jpg,images/val/helopeltis/train_image_0_856.jpg,helopeltis,1,kaggle,val
train_20220101_105036.jpg,images/val/helopeltis/train_20220101_105036.jpg,helopeltis,1,kaggle,val
train_image_0_2649.jpg,images/val/helopeltis/train_image_0_2649.jpg,helopeltis,1,kaggle,val
train_image_0_2242.jpg,images/val/helopeltis/train_image_0_2242.jpg,helopeltis,1,kaggle,val
train_20220101_104758.jpg,images/val/helopeltis/train_20220101_104758.jpg,helopeltis,1,kaggle,val
train_image_0_3168.jpg,images/val/helopeltis/train_image_0_3168.jpg,helopeltis,1,kaggle,val
train_image_0_682.jpg,images/val/helopeltis/train_image_0_682.jpg,helopeltis,1,kaggle,val
train_image_0_1676.jpg,images/val/helopeltis/train_image_0_1676.jpg,helopeltis,1,kaggle,val
train_image_0_2145.jpg,images/val/helopeltis/train_image_0_2145.jpg,helopeltis,1,kaggle,val
train_image_0_702.jpg,images/val/helopeltis/train_image_0_702.jpg,helopeltis,1,kaggle,val
train_20220101_122146.jpg,images/val/helopeltis/train_20220101_122146.jpg,helopeltis,1,kaggle,val
train_image_0_3308.jpg,images/val/helopeltis/train_image_0_3308.jpg,helopeltis,1,kaggle,val
train_image_0_3081.jpg,images/val/helopeltis/train_image_0_3081.jpg,helopeltis,1,kaggle,val
train_image_0_4110.jpg,images/val/helopeltis/train_image_0_4110.jpg,helopeltis,1,kaggle,val
train_image_0_3455.jpg,images/val/helopeltis/train_image_0_3455.jpg,helopeltis,1,kaggle,val
train_image_0_245.jpg,images/val/helopeltis/train_image_0_245.jpg,helopeltis,1,kaggle,val
test_20220101_093817.jpg,images/val/helopeltis/test_20220101_093817.jpg,helopeltis,1,kaggle,val
train_image_0_2588.jpg,images/val/helopeltis/train_image_0_2588.jpg,helopeltis,1,kaggle,val
train_image_0_4227.jpg,images/val/helopeltis/train_image_0_4227.jpg,helopeltis,1,kaggle,val
train_image_0_955.jpg,images/val/helopeltis/train_image_0_955.jpg,helopeltis,1,kaggle,val
train_image_0_3578.jpg,images/val/helopeltis/train_image_0_3578.jpg,helopeltis,1,kaggle,val
train_image_0_2829.jpg,images/val/helopeltis/train_image_0_2829.jpg,helopeltis,1,kaggle,val
train_image_0_2057.jpg,images/val/helopeltis/train_image_0_2057.jpg,helopeltis,1,kaggle,val
train_image_0_3063.jpg,images/val/helopeltis/train_image_0_3063.jpg,helopeltis,1,kaggle,val
train_image_0_1654.jpg,images/val/helopeltis/train_image_0_1654.jpg,helopeltis,1,kaggle,val
train_image_0_1555.jpg,images/val/helopeltis/train_image_0_1555.jpg,helopeltis,1,kaggle,val
train_image_0_1980.jpg,images/val/helopeltis/train_image_0_1980.jpg,helopeltis,1,kaggle,val
train_image_0_2756.jpg,images/val/helopeltis/train_image_0_2756.jpg,helopeltis,1,kaggle,val
test_20220101_091329.jpg,images/val/helopeltis/test_20220101_091329.jpg,helopeltis,1,kaggle,val
train_image_0_1799.jpg,images/val/helopeltis/train_image_0_1799.jpg,helopeltis,1,kaggle,val
train_image_0_1006.jpg,images/val/helopeltis/train_image_0_1006.jpg,helopeltis,1,kaggle,val
train_image_0_2219.jpg,images/val/helopeltis/train_image_0_2219.jpg,helopeltis,1,kaggle,val
train_image_0_4163.jpg,images/val/helopeltis/train_image_0_4163.jpg,helopeltis,1,kaggle,val
train_image_0_3019.jpg,images/val/helopeltis/train_image_0_3019.jpg,helopeltis,1,kaggle,val
train_image_0_2142.jpg,images/val/helopeltis/train_image_0_2142.jpg,helopeltis,1,kaggle,val
train_image_0_1772.jpg,images/val/helopeltis/train_image_0_1772.jpg,helopeltis,1,kaggle,val
test_20220101_095837.jpg,images/val/helopeltis/test_20220101_095837.jpg,helopeltis,1,kaggle,val
train_image_0_2181.jpg,images/val/helopeltis/train_image_0_2181.jpg,helopeltis,1,kaggle,val
train_image_0_812.jpg,images/val/helopeltis/train_image_0_812.jpg,helopeltis,1,kaggle,val
train_image_0_1762.jpg,images/val/helopeltis/train_image_0_1762.jpg,helopeltis,1,kaggle,val
train_image_0_1945.jpg,images/val/helopeltis/train_image_0_1945.jpg,helopeltis,1,kaggle,val
test_20220101_093735.jpg,images/val/helopeltis/test_20220101_093735.jpg,helopeltis,1,kaggle,val
train_image_0_619.jpg,images/val/helopeltis/train_image_0_619.jpg,helopeltis,1,kaggle,val
train_image_0_4042.jpg,images/val/helopeltis/train_image_0_4042.jpg,helopeltis,1,kaggle,val
train_image_0_1632.jpg,images/val/helopeltis/train_image_0_1632.jpg,helopeltis,1,kaggle,val
train_image_0_4307.jpg,images/val/helopeltis/train_image_0_4307.jpg,helopeltis,1,kaggle,val
test_20220101_092551.jpg,images/val/helopeltis/test_20220101_092551.jpg,helopeltis,1,kaggle,val
train_image_0_3980.jpg,images/val/helopeltis/train_image_0_3980.jpg,helopeltis,1,kaggle,val
train_image_0_254.jpg,images/val/helopeltis/train_image_0_254.jpg,helopeltis,1,kaggle,val
test_20211205_160758.jpg,images/val/helopeltis/test_20211205_160758.jpg,helopeltis,1,kaggle,val
train_image_0_913.jpg,images/val/helopeltis/train_image_0_913.jpg,helopeltis,1,kaggle,val
train_20220101_105224.jpg,images/val/helopeltis/train_20220101_105224.jpg,helopeltis,1,kaggle,val
train_image_0_1330.jpg,images/val/helopeltis/train_image_0_1330.jpg,helopeltis,1,kaggle,val
train_image_0_4012.jpg,images/val/helopeltis/train_image_0_4012.jpg,helopeltis,1,kaggle,val
train_image_0_3262.jpg,images/val/helopeltis/train_image_0_3262.jpg,helopeltis,1,kaggle,val
test_20211205_161224.jpg,images/val/helopeltis/test_20211205_161224.jpg,helopeltis,1,kaggle,val
test_20220101_095854.jpg,images/val/helopeltis/test_20220101_095854.jpg,helopeltis,1,kaggle,val
test_20220101_103646.jpg,images/val/helopeltis/test_20220101_103646.jpg,helopeltis,1,kaggle,val
train_image_0_4140.jpg,images/val/helopeltis/train_image_0_4140.jpg,helopeltis,1,kaggle,val
train_image_0_776.jpg,images/val/helopeltis/train_image_0_776.jpg,helopeltis,1,kaggle,val
test_20220101_101539.jpg,images/val/helopeltis/test_20220101_101539.jpg,helopeltis,1,kaggle,val
train_image_0_510.jpg,images/val/helopeltis/train_image_0_510.jpg,helopeltis,1,kaggle,val
train_20220101_120854.jpg,images/val/helopeltis/train_20220101_120854.jpg,helopeltis,1,kaggle,val
train_image_0_4345.jpg,images/val/helopeltis/train_image_0_4345.jpg,helopeltis,1,kaggle,val
test_20220101_102325.jpg,images/val/helopeltis/test_20220101_102325.jpg,helopeltis,1,kaggle,val
train_image_0_3922.jpg,images/val/helopeltis/train_image_0_3922.jpg,helopeltis,1,kaggle,val
train_20220101_105120.jpg,images/val/helopeltis/train_20220101_105120.jpg,helopeltis,1,kaggle,val
train_20220101_104810.jpg,images/val/helopeltis/train_20220101_104810.jpg,helopeltis,1,kaggle,val
