image_file,box_idx,class_id,disease,text
100_jpg.rf.14fa87ff511c6790858ccbc03bf10be6.jpg,0,3,LOOPER_CATERPILLARS,Scout record: marginal yellowing progressing to a dry brown rim; older leaves more affected than the new growth. Humidity had been high for several days before the visit.
100_jpg.rf.14fa87ff511c6790858ccbc03bf10be6.jpg,1,2,LEAF_RUST,Field note: affected leaves drying from the tip backwards; shoot tip wilting above the damaged zone. Sampled from the middle canopy of a mature bush.
107_jpg.rf.9c0264c78b1f4dfff87adea98349df8b.jpg,0,2,LEAF_RUST,Scout record: orange to rust-red velvety growth on the affected patches; scorched leaf edges that curl upward when dry; several leaves on the shoot showing the same pattern. The section borders an older unpruned block.
107_jpg.rf.9c0264c78b1f4dfff87adea98349df8b.jpg,1,2,LEAF_RUST,Block observation: necrotic tissue with a narrow chlorotic halo; affected leaves drying from the tip backwards. Humidity had been high for several days before the visit.
11_jpg.rf.c2fdfa5777e0527fd7fd2292e51a896a.jpg,0,3,LOOPER_CATERPILLARS,Field note: irregular holes through the lamina between the veins; greyish-brown patches spreading inward from the leaf margin. Leaf collected from second-flush material.
11_jpg.rf.c2fdfa5777e0527fd7fd2292e51a896a.jpg,1,3,LOOPER_CATERPILLARS,Field note: scattered spots of varying size across the lamina; damage concentrated on the younger flush; irregular brown lesions with darker margins on the lamina. Drainage in this part of the field is poor.
121_jpg.rf.ab585552a4145906dbdce2bc02a016ce.jpg,0,0,LEAF_BLIGHT,Block observation: scorched leaf edges that curl upward when dry; greyish-brown patches spreading inward from the leaf margin; lesions coalescing into large dry blighted areas. Sampled from the middle canopy of a mature bush.
121_jpg.rf.ab585552a4145906dbdce2bc02a016ce.jpg,1,0,LEAF_BLIGHT,Field entry: affected leaves drying from the tip backwards; marginal yellowing progressing to a dry brown rim. Leaf collected from second-flush material.
12_jpg.rf.ccb27c583cbe7cb7dbc6d9ddbb45d307.jpg,0,2,LEAF_RUST,Field entry: raised circular spots slightly rough to the touch; several leaves on the shoot showing the same pattern. Sampled from the middle canopy of a mature bush.
131_jpg.rf.165468b77bd7d0a07c9e9f8b76e9c465.jpg,0,0,LEAF_BLIGHT,Inspection entry: scorched leaf edges that curl upward when dry; scattered spots of varying size across the lamina. Temperature mild with intermittent rain in the preceding week.
131_jpg.rf.165468b77bd7d0a07c9e9f8b76e9c465.jpg,1,0,LEAF_BLIGHT,Block observation: discoloured patches of no consistent outline; irregular brown lesions with darker margins on the lamina; concentric zonation visible within the older lesions. Temperature mild with intermittent rain in the preceding week.
133_jpg.rf.c96fa521c1eec792a6d2f7c8e2865e0b.jpg,0,0,LEAF_BLIGHT,Inspection entry: discoloured patches of no consistent outline; older leaves more affected than the new growth; concentric zonation visible within the older lesions. The section borders an older unpruned block.
133_jpg.rf.c96fa521c1eec792a6d2f7c8e2865e0b.jpg,1,0,LEAF_BLIGHT,Field entry: concentric zonation visible within the older lesions; older leaves more affected than the new growth. Noted while assessing the plucking table.
134_jpg.rf.6a2263efa78d5f94b5c49afacbc2ccc0.jpg,0,3,LOOPER_CATERPILLARS,Field note: scorched leaf edges that curl upward when dry; discoloured patches of no consistent outline; dark frass pellets caught in the leaf axils. Recorded during the routine block walk.
134_jpg.rf.6a2263efa78d5f94b5c49afacbc2ccc0.jpg,1,3,LOOPER_CATERPILLARS,Plucking-round note: several leaves on the shoot showing the same pattern; necrotic tissue with a narrow chlorotic halo. Sampled from the middle canopy of a mature bush.
148_jpg.rf.efc3744194c4eba08a20cf4916271426.jpg,0,3,LOOPER_CATERPILLARS,Field entry: scattered spots of varying size across the lamina; dark frass pellets caught in the leaf axils; marginal yellowing progressing to a dry brown rim. Sampled from the middle canopy of a mature bush.
158_jpg.rf.1080ecbeb37f6e24c47023105c1aedaa.jpg,0,0,LEAF_BLIGHT,Scout record: several leaves on the shoot showing the same pattern; greyish-brown patches spreading inward from the leaf margin; discoloured patches of no consistent outline. The section borders an older unpruned block.
158_jpg.rf.1080ecbeb37f6e24c47023105c1aedaa.jpg,1,2,LEAF_RUST,Field entry: scattered spots of varying size across the lamina; necrotic tissue with a narrow chlorotic halo; raised circular spots slightly rough to the touch. Drainage in this part of the field is poor.
161_jpg.rf.10a43a745af2297624281f2bb68cb61a.jpg,0,3,LOOPER_CATERPILLARS,Plucking-round note: necrotic tissue with a narrow chlorotic halo; discoloured patches of no consistent outline. Leaf collected from second-flush material.
166_jpg.rf.b7b6100902742c9d1a47195e12f41189.jpg,0,1,LEAF_HOPPERS,Field note: marginal yellowing progressing to a dry brown rim; discoloured patches of no consistent outline. The block was pruned in the previous season.
171_jpg.rf.529e8b62ab8acb20ea3c2b25e209ffc7.jpg,0,3,LOOPER_CATERPILLARS,Plucking-round note: damage concentrated on the younger flush; greyish-brown patches spreading inward from the leaf margin. Humidity had been high for several days before the visit.
171_jpg.rf.529e8b62ab8acb20ea3c2b25e209ffc7.jpg,1,3,LOOPER_CATERPILLARS,Scout record: irregular holes through the lamina between the veins; necrotic tissue with a narrow chlorotic halo; marginal yellowing progressing to a dry brown rim. Drainage in this part of the field is poor.
174_jpg.rf.51c7b0e65d30a9fcc6c8256a9a1a299d.jpg,0,1,LEAF_HOPPERS,Field entry: older leaves more affected than the new growth; marginal yellowing progressing to a dry brown rim. Leaf collected from second-flush material.
176_jpg.rf.22c6639b34be422c6e74812048a8e199.jpg,0,0,LEAF_BLIGHT,Field note: scorched leaf edges that curl upward when dry; lesions coalescing into large dry blighted areas. Leaf collected from second-flush material.
179_jpg.rf.38923227f6f2518ea7f9372aa6fcaa0b.jpg,0,0,LEAF_BLIGHT,Scout record: scorched leaf edges that curl upward when dry; irregular brown lesions with darker margins on the lamina; concentric zonation visible within the older lesions. Sampled from the middle canopy of a mature bush.
179_jpg.rf.38923227f6f2518ea7f9372aa6fcaa0b.jpg,1,0,LEAF_BLIGHT,Scout record: greyish-brown patches spreading inward from the leaf margin; scorched leaf edges that curl upward when dry; scattered spots of varying size across the lamina. Drainage in this part of the field is poor.
195_jpg.rf.b2f97109c9e2d5652e036a4d3a9c2816.jpg,0,0,LEAF_BLIGHT,Scout record: lesions coalescing into large dry blighted areas; damage concentrated on the younger flush. Sampled from the middle canopy of a mature bush.
1_jpg.rf.e83e207fa2a3ec5a65f9d9f5cbfaac3a.jpg,0,3,LOOPER_CATERPILLARS,Field entry: older leaves more affected than the new growth; irregular holes through the lamina between the veins; affected leaves drying from the tip backwards. Sampled from the middle canopy of a mature bush.
1_jpg.rf.e83e207fa2a3ec5a65f9d9f5cbfaac3a.jpg,1,0,LEAF_BLIGHT,Scout record: scorched leaf edges that curl upward when dry; lesions coalescing into large dry blighted areas. Drainage in this part of the field is poor.
1_jpg.rf.e83e207fa2a3ec5a65f9d9f5cbfaac3a.jpg,2,0,LEAF_BLIGHT,Scout record: lesions coalescing into large dry blighted areas; marginal yellowing progressing to a dry brown rim. Sampled from the middle canopy of a mature bush.
1_jpg.rf.e83e207fa2a3ec5a65f9d9f5cbfaac3a.jpg,3,0,LEAF_BLIGHT,Field note: several leaves on the shoot showing the same pattern; concentric zonation visible within the older lesions. The block was pruned in the previous season.
202_jpg.rf.14df16a500394d0889ea7be2ca2277ca.jpg,0,0,LEAF_BLIGHT,Inspection entry: scorched leaf edges that curl upward when dry; affected leaves drying from the tip backwards; lesions coalescing into large dry blighted areas. Recorded during the routine block walk.
219_jpg.rf.efaa45291ba0a03e4c1e7d1cf637d259.jpg,0,3,LOOPER_CATERPILLARS,Scout record: damage concentrated on the younger flush; marginal yellowing progressing to a dry brown rim; affected leaves drying from the tip backwards. The block was pruned in the previous season.
219_jpg.rf.efaa45291ba0a03e4c1e7d1cf637d259.jpg,1,3,LOOPER_CATERPILLARS,Field note: scattered spots of varying size across the lamina; older leaves more affected than the new growth; chewed leaf margins with irregular notches. Recorded during the routine block walk.
221_jpg.rf.018ee71046060f98063487d4c30eb68d.jpg,0,2,LEAF_RUST,Scout record: scattered spots of varying size across the lamina; irregular brown lesions with darker margins on the lamina. Sampled from the middle canopy of a mature bush.
221_jpg.rf.018ee71046060f98063487d4c30eb68d.jpg,1,3,LOOPER_CATERPILLARS,Plucking-round note: greyish-brown patches spreading inward from the leaf margin; affected leaves drying from the tip backwards. Noted while assessing the plucking table.
221_jpg.rf.018ee71046060f98063487d4c30eb68d.jpg,2,2,LEAF_RUST,Block observation: orange to rust-red velvety growth on the affected patches; several leaves on the shoot showing the same pattern; shoot tip wilting above the damaged zone. The block was pruned in the previous season.
225_jpg.rf.64509b43824423881ac2fb1391de7c06.jpg,0,2,LEAF_RUST,Inspection entry: affected leaves drying from the tip backwards; marginal yellowing progressing to a dry brown rim; scorched leaf edges that curl upward when dry. Leaf collected from second-flush material.
225_jpg.rf.64509b43824423881ac2fb1391de7c06.jpg,1,2,LEAF_RUST,Field note: damage concentrated on the younger flush; irregular brown lesions with darker margins on the lamina. Drainage in this part of the field is poor.
225_jpg.rf.64509b43824423881ac2fb1391de7c06.jpg,2,0,LEAF_BLIGHT,Scout record: discoloured patches of no consistent outline; lesions coalescing into large dry blighted areas. Leaf collected from second-flush material.
225_jpg.rf.64509b43824423881ac2fb1391de7c06.jpg,3,2,LEAF_RUST,Field entry: older leaves more affected than the new growth; raised circular spots slightly rough to the touch; marginal yellowing progressing to a dry brown rim. Drainage in this part of the field is poor.
225_jpg.rf.64509b43824423881ac2fb1391de7c06.jpg,4,2,LEAF_RUST,Field note: marginal yellowing progressing to a dry brown rim; orange to rust-red velvety growth on the affected patches. Drainage in this part of the field is poor.
225_jpg.rf.64509b43824423881ac2fb1391de7c06.jpg,5,2,LEAF_RUST,Plucking-round note: discoloured patches of no consistent outline; scorched leaf edges that curl upward when dry; raised circular spots slightly rough to the touch. The section borders an older unpruned block.
225_jpg.rf.64509b43824423881ac2fb1391de7c06.jpg,6,2,LEAF_RUST,Block observation: orange to rust-red velvety growth on the affected patches; several leaves on the shoot showing the same pattern. Recorded during the routine block walk.
225_jpg.rf.64509b43824423881ac2fb1391de7c06.jpg,7,0,LEAF_BLIGHT,Plucking-round note: concentric zonation visible within the older lesions; marginal yellowing progressing to a dry brown rim; necrotic tissue with a narrow chlorotic halo. Temperature mild with intermittent rain in the preceding week.
22_jpg.rf.b563c170f475a98253e29e444debeaf9.jpg,0,4,MOSQUITO_BUG,Block observation: necrotic tissue with a narrow chlorotic halo; greyish-brown patches spreading inward from the leaf margin. Noted while assessing the plucking table.
232_jpg.rf.b661ff5ef1a851ca667b582b38a2f730.jpg,0,2,LEAF_RUST,Block observation: marginal yellowing progressing to a dry brown rim; necrotic tissue with a narrow chlorotic halo; irregular brown lesions with darker margins on the lamina. The block was pruned in the previous season.
232_jpg.rf.b661ff5ef1a851ca667b582b38a2f730.jpg,1,0,LEAF_BLIGHT,Plucking-round note: discoloured patches of no consistent outline; scattered spots of varying size across the lamina. Humidity had been high for several days before the visit.
239_jpg.rf.4a88c11b21478e901d7751b9c8f82093.jpg,0,3,LOOPER_CATERPILLARS,Field note: necrotic tissue with a narrow chlorotic halo; older leaves more affected than the new growth. Humidity had been high for several days before the visit.
239_jpg.rf.4a88c11b21478e901d7751b9c8f82093.jpg,1,0,LEAF_BLIGHT,Field entry: scorched leaf edges that curl upward when dry; affected leaves drying from the tip backwards; several leaves on the shoot showing the same pattern. Sampled from the middle canopy of a mature bush.
246_jpg.rf.1213826e3cca77475ee465052bae47ad.jpg,0,3,LOOPER_CATERPILLARS,Block observation: chewed leaf margins with irregular notches; older leaves more affected than the new growth; scorched leaf edges that curl upward when dry. The block was pruned in the previous season.
249_jpg.rf.3ce7b97ed827dbddab462c65972c87ce.jpg,0,3,LOOPER_CATERPILLARS,Block observation: dark frass pellets caught in the leaf axils; affected leaves drying from the tip backwards. Sampled from the middle canopy of a mature bush.
262_jpg.rf.533171c56729f4edc18270dabf6f5b68.jpg,0,0,LEAF_BLIGHT,Field note: discoloured patches of no consistent outline; scattered spots of varying size across the lamina; several leaves on the shoot showing the same pattern. Sampled from the middle canopy of a mature bush.
265_jpg.rf.ca0be0e93b6af8eba3d6bd571eab3f79.jpg,0,0,LEAF_BLIGHT,Plucking-round note: shoot tip wilting above the damaged zone; marginal yellowing progressing to a dry brown rim; necrotic tissue with a narrow chlorotic halo. Temperature mild with intermittent rain in the preceding week.
26_jpg.rf.e69178fb28afcbd15a901a3652fa4d24.jpg,0,3,LOOPER_CATERPILLARS,Plucking-round note: scattered spots of varying size across the lamina; shoot tip wilting above the damaged zone; irregular holes through the lamina between the veins. The block was pruned in the previous season.
279_jpg.rf.ef8336b45e3d5f0923e52ade722b7a05.jpg,0,2,LEAF_RUST,Block observation: scattered spots of varying size across the lamina; raised circular spots slightly rough to the touch. Temperature mild with intermittent rain in the preceding week.
279_jpg.rf.ef8336b45e3d5f0923e52ade722b7a05.jpg,1,2,LEAF_RUST,Plucking-round note: several leaves on the shoot showing the same pattern; discoloured patches of no consistent outline; raised circular spots slightly rough to the touch. Observed on the shaded side of the row.
27_jpg.rf.69fff94b82a04306ad8cd11ec113575b.jpg,0,0,LEAF_BLIGHT,Inspection entry: marginal yellowing progressing to a dry brown rim; scattered spots of varying size across the lamina; affected leaves drying from the tip backwards. Temperature mild with intermittent rain in the preceding week.
282_jpg.rf.3046552d8409576d0aaa715673b83db5.jpg,0,3,LOOPER_CATERPILLARS,Inspection entry: shoot tip wilting above the damaged zone; older leaves more affected than the new growth. Drainage in this part of the field is poor.
282_jpg.rf.3046552d8409576d0aaa715673b83db5.jpg,1,2,LEAF_RUST,Inspection entry: marginal yellowing progressing to a dry brown rim; scorched leaf edges that curl upward when dry; affected leaves drying from the tip backwards. The section borders an older unpruned block.
282_jpg.rf.3046552d8409576d0aaa715673b83db5.jpg,2,2,LEAF_RUST,Block observation: damage concentrated on the younger flush; orange to rust-red velvety growth on the affected patches; necrotic tissue with a narrow chlorotic halo. Drainage in this part of the field is poor.
285_jpg.rf.b23dbace94f0952651c6824915a00814.jpg,0,0,LEAF_BLIGHT,Scout record: scorched leaf edges that curl upward when dry; marginal yellowing progressing to a dry brown rim; greyish-brown patches spreading inward from the leaf margin. Recorded during the routine block walk.
285_jpg.rf.b23dbace94f0952651c6824915a00814.jpg,1,2,LEAF_RUST,Field entry: damage concentrated on the younger flush; raised circular spots slightly rough to the touch; greyish-brown patches spreading inward from the leaf margin. Temperature mild with intermittent rain in the preceding week.
285_jpg.rf.b23dbace94f0952651c6824915a00814.jpg,2,2,LEAF_RUST,Field note: several leaves on the shoot showing the same pattern; necrotic tissue with a narrow chlorotic halo. Temperature mild with intermittent rain in the preceding week.
331_jpg.rf.24a79ee8141b88eb80f72edf099bbe5e.jpg,0,3,LOOPER_CATERPILLARS,Field note: damage concentrated on the younger flush; dark frass pellets caught in the leaf axils; irregular brown lesions with darker margins on the lamina. The section borders an older unpruned block.
331_jpg.rf.24a79ee8141b88eb80f72edf099bbe5e.jpg,1,3,LOOPER_CATERPILLARS,Inspection entry: irregular holes through the lamina between the veins; scattered spots of varying size across the lamina; older leaves more affected than the new growth. Noted while assessing the plucking table.
351_jpg.rf.f7ac082366b33fe538ae95ffb1c04c9f.jpg,0,3,LOOPER_CATERPILLARS,Inspection entry: scattered spots of varying size across the lamina; damage concentrated on the younger flush; necrotic tissue with a narrow chlorotic halo. Observed on the shaded side of the row.
351_jpg.rf.f7ac082366b33fe538ae95ffb1c04c9f.jpg,1,0,LEAF_BLIGHT,Field note: scattered spots of varying size across the lamina; scorched leaf edges that curl upward when dry; damage concentrated on the younger flush. Observed on the shaded side of the row.
351_jpg.rf.f7ac082366b33fe538ae95ffb1c04c9f.jpg,2,0,LEAF_BLIGHT,Scout record: scattered spots of varying size across the lamina; greyish-brown patches spreading inward from the leaf margin; lesions coalescing into large dry blighted areas. Temperature mild with intermittent rain in the preceding week.
351_jpg.rf.f7ac082366b33fe538ae95ffb1c04c9f.jpg,3,3,LOOPER_CATERPILLARS,Block observation: greyish-brown patches spreading inward from the leaf margin; affected leaves drying from the tip backwards. Drainage in this part of the field is poor.
351_jpg.rf.f7ac082366b33fe538ae95ffb1c04c9f.jpg,4,3,LOOPER_CATERPILLARS,Plucking-round note: scorched leaf edges that curl upward when dry; affected leaves drying from the tip backwards. Recorded during the routine block walk.
351_jpg.rf.f7ac082366b33fe538ae95ffb1c04c9f.jpg,5,0,LEAF_BLIGHT,Inspection entry: damage concentrated on the younger flush; discoloured patches of no consistent outline; irregular brown lesions with darker margins on the lamina. Drainage in this part of the field is poor.
359_jpg.rf.93bb2304d05004ab3048fe5079ac622f.jpg,0,0,LEAF_BLIGHT,Inspection entry: damage concentrated on the younger flush; scorched leaf edges that curl upward when dry. The section borders an older unpruned block.
359_jpg.rf.93bb2304d05004ab3048fe5079ac622f.jpg,1,0,LEAF_BLIGHT,Inspection entry: several leaves on the shoot showing the same pattern; lesions coalescing into large dry blighted areas; affected leaves drying from the tip backwards. Humidity had been high for several days before the visit.
359_jpg.rf.93bb2304d05004ab3048fe5079ac622f.jpg,2,0,LEAF_BLIGHT,Field note: shoot tip wilting above the damaged zone; affected leaves drying from the tip backwards. Temperature mild with intermittent rain in the preceding week.
359_jpg.rf.93bb2304d05004ab3048fe5079ac622f.jpg,3,0,LEAF_BLIGHT,Inspection entry: lesions coalescing into large dry blighted areas; irregular brown lesions with darker margins on the lamina. Leaf collected from second-flush material.
359_jpg.rf.93bb2304d05004ab3048fe5079ac622f.jpg,4,0,LEAF_BLIGHT,Field note: lesions coalescing into large dry blighted areas; marginal yellowing progressing to a dry brown rim; affected leaves drying from the tip backwards. The section borders an older unpruned block.
364_jpg.rf.7f6c9600c49af83d37e13d333d8c1eca.jpg,0,0,LEAF_BLIGHT,Field note: scorched leaf edges that curl upward when dry; several leaves on the shoot showing the same pattern; concentric zonation visible within the older lesions. The block was pruned in the previous season.
364_jpg.rf.7f6c9600c49af83d37e13d333d8c1eca.jpg,1,0,LEAF_BLIGHT,Field entry: scorched leaf edges that curl upward when dry; necrotic tissue with a narrow chlorotic halo; concentric zonation visible within the older lesions. Sampled from the middle canopy of a mature bush.
364_jpg.rf.7f6c9600c49af83d37e13d333d8c1eca.jpg,2,0,LEAF_BLIGHT,Scout record: damage concentrated on the younger flush; marginal yellowing progressing to a dry brown rim. Noted while assessing the plucking table.
364_jpg.rf.7f6c9600c49af83d37e13d333d8c1eca.jpg,3,0,LEAF_BLIGHT,Plucking-round note: marginal yellowing progressing to a dry brown rim; necrotic tissue with a narrow chlorotic halo. Recorded during the routine block walk.
367_jpg.rf.7433d03d70d383cb91830e4b2bf60911.jpg,0,0,LEAF_BLIGHT,Field note: scorched leaf edges that curl upward when dry; affected leaves drying from the tip backwards; greyish-brown patches spreading inward from the leaf margin. Observed on the shaded side of the row.
367_jpg.rf.7433d03d70d383cb91830e4b2bf60911.jpg,1,0,LEAF_BLIGHT,Plucking-round note: shoot tip wilting above the damaged zone; irregular brown lesions with darker margins on the lamina. Temperature mild with intermittent rain in the preceding week.
369_jpg.rf.5dd2edbd0057e2eb32a306c00f8361b5.jpg,0,0,LEAF_BLIGHT,Field note: scattered spots of varying size across the lamina; several leaves on the shoot showing the same pattern. Temperature mild with intermittent rain in the preceding week.
373_jpg.rf.9047ce78879859dca2a748770243f3f1.jpg,0,0,LEAF_BLIGHT,Field entry: affected leaves drying from the tip backwards; discoloured patches of no consistent outline. Humidity had been high for several days before the visit.
373_jpg.rf.9047ce78879859dca2a748770243f3f1.jpg,1,0,LEAF_BLIGHT,Field entry: lesions coalescing into large dry blighted areas; damage concentrated on the younger flush; scattered spots of varying size across the lamina. Noted while assessing the plucking table.
373_jpg.rf.9047ce78879859dca2a748770243f3f1.jpg,2,0,LEAF_BLIGHT,Scout record: concentric zonation visible within the older lesions; marginal yellowing progressing to a dry brown rim. The section borders an older unpruned block.
373_jpg.rf.9047ce78879859dca2a748770243f3f1.jpg,3,0,LEAF_BLIGHT,Inspection entry: damage concentrated on the younger flush; discoloured patches of no consistent outline; irregular brown lesions with darker margins on the lamina. The block was pruned in the previous season.
380_jpg.rf.ae140e24e98145b54b16cb1e1298a35a.jpg,0,0,LEAF_BLIGHT,Plucking-round note: lesions coalescing into large dry blighted areas; marginal yellowing progressing to a dry brown rim; shoot tip wilting above the damaged zone. Recorded during the routine block walk.
386_jpg.rf.9a65053864eb53e03cf55ef87b7af62d.jpg,0,0,LEAF_BLIGHT,Inspection entry: greyish-brown patches spreading inward from the leaf margin; scorched leaf edges that curl upward when dry. Drainage in this part of the field is poor.
386_jpg.rf.9a65053864eb53e03cf55ef87b7af62d.jpg,1,0,LEAF_BLIGHT,Block observation: damage concentrated on the younger flush; older leaves more affected than the new growth; several leaves on the shoot showing the same pattern. The block was pruned in the previous season.
386_jpg.rf.9a65053864eb53e03cf55ef87b7af62d.jpg,2,0,LEAF_BLIGHT,Plucking-round note: concentric zonation visible within the older lesions; shoot tip wilting above the damaged zone; several leaves on the shoot showing the same pattern. Drainage in this part of the field is poor.
386_jpg.rf.9a65053864eb53e03cf55ef87b7af62d.jpg,3,3,LOOPER_CATERPILLARS,Block observation: dark frass pellets caught in the leaf axils; discoloured patches of no consistent outline; older leaves more affected than the new growth. Observed on the shaded side of the row.
386_jpg.rf.9a65053864eb53e03cf55ef87b7af62d.jpg,4,0,LEAF_BLIGHT,Scout record: scorched leaf edges that curl upward when dry; discoloured patches of no consistent outline; concentric zonation visible within the older lesions. The block was pruned in the previous season.
387_jpg.rf.7491bbbc65af744c81982a986a793297.jpg,0,0,LEAF_BLIGHT,Field note: older leaves more affected than the new growth; shoot tip wilting above the damaged zone; scattered spots of varying size across the lamina. The block was pruned in the previous season.
387_jpg.rf.7491bbbc65af744c81982a986a793297.jpg,1,0,LEAF_BLIGHT,Field entry: marginal yellowing progressing to a dry brown rim; lesions coalescing into large dry blighted areas. Drainage in this part of the field is poor.
387_jpg.rf.7491bbbc65af744c81982a986a793297.jpg,2,2,LEAF_RUST,Field entry: orange to rust-red velvety growth on the affected patches; scattered spots of varying size across the lamina. Humidity had been high for several days before the visit.
388_jpg.rf.5eae3b30e4994eb8766bb267981125a1.jpg,0,0,LEAF_BLIGHT,Inspection entry: greyish-brown patches spreading inward from the leaf margin; shoot tip wilting above the damaged zone; irregular brown lesions with darker margins on the lamina. The section borders an older unpruned block.
388_jpg.rf.5eae3b30e4994eb8766bb267981125a1.jpg,1,2,LEAF_RUST,Inspection entry: greyish-brown patches spreading inward from the leaf margin; damage concentrated on the younger flush; orange to rust-red velvety growth on the affected patches. Sampled from the middle canopy of a mature bush.
388_jpg.rf.5eae3b30e4994eb8766bb267981125a1.jpg,2,0,LEAF_BLIGHT,Field note: necrotic tissue with a narrow chlorotic halo; older leaves more affected than the new growth. The block was pruned in the previous season.
388_jpg.rf.5eae3b30e4994eb8766bb267981125a1.jpg,3,0,LEAF_BLIGHT,Inspection entry: older leaves more affected than the new growth; shoot tip wilting above the damaged zone; lesions coalescing into large dry blighted areas. The section borders an older unpruned block.
388_jpg.rf.5eae3b30e4994eb8766bb267981125a1.jpg,4,0,LEAF_BLIGHT,Scout record: shoot tip wilting above the damaged zone; older leaves more affected than the new growth; lesions coalescing into large dry blighted areas. The block was pruned in the previous season.
39_jpg.rf.2aa68b194530e4391a84e4ad0147e0a2.jpg,0,1,LEAF_HOPPERS,Plucking-round note: scorched leaf edges that curl upward when dry; small wedge-shaped insects disturbed from the underside on handling. Sampled from the middle canopy of a mature bush.
39_jpg.rf.2aa68b194530e4391a84e4ad0147e0a2.jpg,1,1,LEAF_HOPPERS,Field note: stunted flush with shortened internodes; shoot tip wilting above the damaged zone; older leaves more affected than the new growth. The block was pruned in the previous season.
400_jpg.rf.6b9e448934ba1a91a3a1bce36469e8b1.jpg,0,2,LEAF_RUST,Block observation: damage concentrated on the younger flush; raised circular spots slightly rough to the touch; greyish-brown patches spreading inward from the leaf margin. Noted while assessing the plucking table.
402_jpg.rf.d51237d925cd37819180c5e13e3a6e48.jpg,0,4,MOSQUITO_BUG,Field entry: greyish-brown patches spreading inward from the leaf margin; affected leaves drying from the tip backwards. Humidity had been high for several days before the visit.
402_jpg.rf.d51237d925cd37819180c5e13e3a6e48.jpg,1,4,MOSQUITO_BUG,Block observation: irregular brown lesions with darker margins on the lamina; greyish-brown patches spreading inward from the leaf margin. Noted while assessing the plucking table.
403_jpg.rf.004fb8c6273b7f12a402a72c736c6b36.jpg,0,3,LOOPER_CATERPILLARS,Field entry: damage concentrated on the younger flush; greyish-brown patches spreading inward from the leaf margin; older leaves more affected than the new growth. Temperature mild with intermittent rain in the preceding week.
405_jpg.rf.c96985c1be19d0b3e8d8cde7b264b9eb.jpg,0,3,LOOPER_CATERPILLARS,Field entry: shoot tip wilting above the damaged zone; greyish-brown patches spreading inward from the leaf margin; damage concentrated on the younger flush. Leaf collected from second-flush material.
409_jpg.rf.c79571e6fe5518fa6aa92563871dd6c9.jpg,0,2,LEAF_RUST,Field entry: scorched leaf edges that curl upward when dry; greyish-brown patches spreading inward from the leaf margin. Observed on the shaded side of the row.
412_jpg.rf.eb0bfa4d285bdea5391c66203177de00.jpg,0,3,LOOPER_CATERPILLARS,Block observation: damage concentrated on the younger flush; scattered spots of varying size across the lamina. Humidity had been high for several days before the visit.
414_jpg.rf.623507042c53c9d4ebc39e1548d3f5e9.jpg,0,2,LEAF_RUST,Inspection entry: several leaves on the shoot showing the same pattern; greyish-brown patches spreading inward from the leaf margin; damage concentrated on the younger flush. Leaf collected from second-flush material.
414_jpg.rf.623507042c53c9d4ebc39e1548d3f5e9.jpg,1,2,LEAF_RUST,Field entry: orange to rust-red velvety growth on the affected patches; discoloured patches of no consistent outline. The section borders an older unpruned block.
414_jpg.rf.623507042c53c9d4ebc39e1548d3f5e9.jpg,2,0,LEAF_BLIGHT,Block observation: damage concentrated on the younger flush; irregular brown lesions with darker margins on the lamina; lesions coalescing into large dry blighted areas. Leaf collected from second-flush material.
414_jpg.rf.623507042c53c9d4ebc39e1548d3f5e9.jpg,3,3,LOOPER_CATERPILLARS,Inspection entry: irregular holes through the lamina between the veins; irregular brown lesions with darker margins on the lamina; several leaves on the shoot showing the same pattern. Recorded during the routine block walk.
41_jpg.rf.6de717237b5053a98d9254e7495c37b4.jpg,0,0,LEAF_BLIGHT,Scout record: several leaves on the shoot showing the same pattern; lesions coalescing into large dry blighted areas; damage concentrated on the younger flush. Observed on the shaded side of the row.
41_jpg.rf.6de717237b5053a98d9254e7495c37b4.jpg,1,3,LOOPER_CATERPILLARS,Field entry: older leaves more affected than the new growth; greyish-brown patches spreading inward from the leaf margin; damage concentrated on the younger flush. Humidity had been high for several days before the visit.
41_jpg.rf.6de717237b5053a98d9254e7495c37b4.jpg,2,0,LEAF_BLIGHT,Inspection entry: affected leaves drying from the tip backwards; greyish-brown patches spreading inward from the leaf margin; concentric zonation visible within the older lesions. Sampled from the middle canopy of a mature bush.
41_jpg.rf.6de717237b5053a98d9254e7495c37b4.jpg,3,0,LEAF_BLIGHT,Inspection entry: damage concentrated on the younger flush; marginal yellowing progressing to a dry brown rim. The section borders an older unpruned block.
424_jpg.rf.a5d5314d7ac92df66cb03342d47f2cb6.jpg,0,3,LOOPER_CATERPILLARS,Inspection entry: scattered spots of varying size across the lamina; damage concentrated on the younger flush. The block was pruned in the previous season.
448_jpg.rf.61136c46f75c49655ffac20a7891ec97.jpg,0,3,LOOPER_CATERPILLARS,Block observation: greyish-brown patches spreading inward from the leaf margin; marginal yellowing progressing to a dry brown rim. Drainage in this part of the field is poor.
448_jpg.rf.61136c46f75c49655ffac20a7891ec97.jpg,1,0,LEAF_BLIGHT,Scout record: concentric zonation visible within the older lesions; older leaves more affected than the new growth; marginal yellowing progressing to a dry brown rim. The section borders an older unpruned block.
448_jpg.rf.61136c46f75c49655ffac20a7891ec97.jpg,2,3,LOOPER_CATERPILLARS,Block observation: discoloured patches of no consistent outline; several leaves on the shoot showing the same pattern; scattered spots of varying size across the lamina. The block was pruned in the previous season.
448_jpg.rf.61136c46f75c49655ffac20a7891ec97.jpg,3,0,LEAF_BLIGHT,Inspection entry: affected leaves drying from the tip backwards; shoot tip wilting above the damaged zone. Recorded during the routine block walk.
448_jpg.rf.61136c46f75c49655ffac20a7891ec97.jpg,4,3,LOOPER_CATERPILLARS,Inspection entry: affected leaves drying from the tip backwards; irregular holes through the lamina between the veins; older leaves more affected than the new growth. Recorded during the routine block walk.
45_jpg.rf.fa5fbfcd48731b06be3a2de3244bca6b.jpg,0,3,LOOPER_CATERPILLARS,Field note: damage concentrated on the younger flush; greyish-brown patches spreading inward from the leaf margin; dark frass pellets caught in the leaf axils. Humidity had been high for several days before the visit.
466_jpg.rf.2bf226b9df9e2d1f5e57c7479839159a.jpg,0,0,LEAF_BLIGHT,Block observation: concentric zonation visible within the older lesions; damage concentrated on the younger flush. Noted while assessing the plucking table.
467_jpg.rf.9a8ad7ca8260a70159737ccd9a3c1137.jpg,0,0,LEAF_BLIGHT,Block observation: discoloured patches of no consistent outline; several leaves on the shoot showing the same pattern. The section borders an older unpruned block.
467_jpg.rf.9a8ad7ca8260a70159737ccd9a3c1137.jpg,1,3,LOOPER_CATERPILLARS,Field entry: greyish-brown patches spreading inward from the leaf margin; shoot tip wilting above the damaged zone. Observed on the shaded side of the row.
47_jpg.rf.73508c82b65be16613c1277b5cccea3d.jpg,0,3,LOOPER_CATERPILLARS,Inspection entry: greyish-brown patches spreading inward from the leaf margin; affected leaves drying from the tip backwards. Humidity had been high for several days before the visit.
47_jpg.rf.73508c82b65be16613c1277b5cccea3d.jpg,1,3,LOOPER_CATERPILLARS,Block observation: discoloured patches of no consistent outline; irregular brown lesions with darker margins on the lamina. Leaf collected from second-flush material.
47_jpg.rf.73508c82b65be16613c1277b5cccea3d.jpg,2,0,LEAF_BLIGHT,Plucking-round note: concentric zonation visible within the older lesions; scattered spots of varying size across the lamina. Humidity had been high for several days before the visit.
47_jpg.rf.73508c82b65be16613c1277b5cccea3d.jpg,3,0,LEAF_BLIGHT,Inspection entry: affected leaves drying from the tip backwards; concentric zonation visible within the older lesions; shoot tip wilting above the damaged zone. Noted while assessing the plucking table.
480_jpg.rf.9784523e137722d1fd72708d40128e95.jpg,0,3,LOOPER_CATERPILLARS,Inspection entry: damage concentrated on the younger flush; irregular holes through the lamina between the veins; marginal yellowing progressing to a dry brown rim. Observed on the shaded side of the row.
487_jpg.rf.e819b2114fc8d079d3d5833f0da07cc5.jpg,0,3,LOOPER_CATERPILLARS,Plucking-round note: greyish-brown patches spreading inward from the leaf margin; damage concentrated on the younger flush. Observed on the shaded side of the row.
487_jpg.rf.e819b2114fc8d079d3d5833f0da07cc5.jpg,1,3,LOOPER_CATERPILLARS,Inspection entry: damage concentrated on the younger flush; older leaves more affected than the new growth; marginal yellowing progressing to a dry brown rim. The section borders an older unpruned block.
506_jpg.rf.12f1de229bed6d594eb8781e64e4873e.jpg,0,0,LEAF_BLIGHT,Field note: lesions coalescing into large dry blighted areas; shoot tip wilting above the damaged zone; discoloured patches of no consistent outline. Temperature mild with intermittent rain in the preceding week.
506_jpg.rf.12f1de229bed6d594eb8781e64e4873e.jpg,1,0,LEAF_BLIGHT,Plucking-round note: damage concentrated on the younger flush; concentric zonation visible within the older lesions; older leaves more affected than the new growth. Leaf collected from second-flush material.
50_jpg.rf.b95d4c7065ae41c2cc64f77b3f2aa247.jpg,0,0,LEAF_BLIGHT,Field entry: marginal yellowing progressing to a dry brown rim; concentric zonation visible within the older lesions; several leaves on the shoot showing the same pattern. Sampled from the middle canopy of a mature bush.
515_jpg.rf.5f392730cac28feff733ac5b3cca72da.jpg,0,0,LEAF_BLIGHT,Plucking-round note: damage concentrated on the younger flush; marginal yellowing progressing to a dry brown rim. Leaf collected from second-flush material.
515_jpg.rf.5f392730cac28feff733ac5b3cca72da.jpg,1,0,LEAF_BLIGHT,Scout record: marginal yellowing progressing to a dry brown rim; discoloured patches of no consistent outline. The block was pruned in the previous season.
520_jpg.rf.ebd7c142286cf0b3139636e76c4234f1.jpg,0,3,LOOPER_CATERPILLARS,Block observation: older leaves more affected than the new growth; dark frass pellets caught in the leaf axils; scattered spots of varying size across the lamina. The section borders an older unpruned block.
520_jpg.rf.ebd7c142286cf0b3139636e76c4234f1.jpg,1,3,LOOPER_CATERPILLARS,Scout record: greyish-brown patches spreading inward from the leaf margin; older leaves more affected than the new growth; discoloured patches of no consistent outline. The block was pruned in the previous season.
520_jpg.rf.ebd7c142286cf0b3139636e76c4234f1.jpg,2,3,LOOPER_CATERPILLARS,Block observation: greyish-brown patches spreading inward from the leaf margin; scattered spots of varying size across the lamina; discoloured patches of no consistent outline. Drainage in this part of the field is poor.
520_jpg.rf.ebd7c142286cf0b3139636e76c4234f1.jpg,3,3,LOOPER_CATERPILLARS,Field entry: irregular holes through the lamina between the veins; several leaves on the shoot showing the same pattern; older leaves more affected than the new growth. Leaf collected from second-flush material.
520_jpg.rf.ebd7c142286cf0b3139636e76c4234f1.jpg,4,3,LOOPER_CATERPILLARS,Plucking-round note: chewed leaf margins with irregular notches; irregular brown lesions with darker margins on the lamina; shoot tip wilting above the damaged zone. The block was pruned in the previous season.
531_jpg.rf.6d19830c7827e061abf03e79dfa45242.jpg,0,3,LOOPER_CATERPILLARS,Field note: marginal yellowing progressing to a dry brown rim; affected leaves drying from the tip backwards; older leaves more affected than the new growth. Recorded during the routine block walk.
539_jpg.rf.526cac67e7de8c329ff55ee3aa35e475.jpg,0,3,LOOPER_CATERPILLARS,Plucking-round note: greyish-brown patches spreading inward from the leaf margin; irregular holes through the lamina between the veins. Humidity had been high for several days before the visit.
539_jpg.rf.526cac67e7de8c329ff55ee3aa35e475.jpg,1,3,LOOPER_CATERPILLARS,Inspection entry: scattered spots of varying size across the lamina; irregular holes through the lamina between the veins; older leaves more affected than the new growth. Sampled from the middle canopy of a mature bush.
539_jpg.rf.526cac67e7de8c329ff55ee3aa35e475.jpg,2,3,LOOPER_CATERPILLARS,Inspection entry: discoloured patches of no consistent outline; irregular brown lesions with darker margins on the lamina; marginal yellowing progressing to a dry brown rim. The block was pruned in the previous season.
543_jpg.rf.0e0442a742630b65997ca3df37e79171.jpg,0,3,LOOPER_CATERPILLARS,Field note: several leaves on the shoot showing the same pattern; discoloured patches of no consistent outline. Temperature mild with intermittent rain in the preceding week.
543_jpg.rf.0e0442a742630b65997ca3df37e79171.jpg,1,3,LOOPER_CATERPILLARS,Field note: greyish-brown patches spreading inward from the leaf margin; several leaves on the shoot showing the same pattern; chewed leaf margins with irregular notches. Leaf collected from second-flush material.
543_jpg.rf.0e0442a742630b65997ca3df37e79171.jpg,2,3,LOOPER_CATERPILLARS,Plucking-round note: scorched leaf edges that curl upward when dry; chewed leaf margins with irregular notches; greyish-brown patches spreading inward from the leaf margin. The block was pruned in the previous season.
54_jpg.rf.5fe58d30ddd3fde8be4700c1b6777b2f.jpg,0,0,LEAF_BLIGHT,Block observation: necrotic tissue with a narrow chlorotic halo; discoloured patches of no consistent outline. Humidity had been high for several days before the visit.
552_jpg.rf.341af952d6d5a389dff1bb3949103272.jpg,0,3,LOOPER_CATERPILLARS,Block observation: greyish-brown patches spreading inward from the leaf margin; irregular brown lesions with darker margins on the lamina; necrotic tissue with a narrow chlorotic halo. The block was pruned in the previous season.
552_jpg.rf.341af952d6d5a389dff1bb3949103272.jpg,1,3,LOOPER_CATERPILLARS,Scout record: marginal yellowing progressing to a dry brown rim; necrotic tissue with a narrow chlorotic halo. Temperature mild with intermittent rain in the preceding week.
552_jpg.rf.341af952d6d5a389dff1bb3949103272.jpg,2,3,LOOPER_CATERPILLARS,Plucking-round note: damage concentrated on the younger flush; older leaves more affected than the new growth. Noted while assessing the plucking table.
553_jpg.rf.5e62d47457d6dc9c7570fdb098bbd828.jpg,0,0,LEAF_BLIGHT,Inspection entry: concentric zonation visible within the older lesions; irregular brown lesions with darker margins on the lamina; several leaves on the shoot showing the same pattern. Recorded during the routine block walk.
564_jpg.rf.97513e79386b4843de3f18f3099f62e1.jpg,0,0,LEAF_BLIGHT,Field entry: several leaves on the shoot showing the same pattern; affected leaves drying from the tip backwards; lesions coalescing into large dry blighted areas. The section borders an older unpruned block.
564_jpg.rf.97513e79386b4843de3f18f3099f62e1.jpg,1,2,LEAF_RUST,Block observation: shoot tip wilting above the damaged zone; necrotic tissue with a narrow chlorotic halo; orange to rust-red velvety growth on the affected patches. Noted while assessing the plucking table.
567_jpg.rf.f7b3a1d0e79660f7a3d78e295687f9c6.jpg,0,0,LEAF_BLIGHT,Plucking-round note: affected leaves drying from the tip backwards; scattered spots of varying size across the lamina; shoot tip wilting above the damaged zone. Noted while assessing the plucking table.
567_jpg.rf.f7b3a1d0e79660f7a3d78e295687f9c6.jpg,1,0,LEAF_BLIGHT,Inspection entry: several leaves on the shoot showing the same pattern; concentric zonation visible within the older lesions; scattered spots of varying size across the lamina. The section borders an older unpruned block.
568_jpg.rf.65e5838ccac00268522e50c452baad0f.jpg,0,0,LEAF_BLIGHT,Block observation: affected leaves drying from the tip backwards; discoloured patches of no consistent outline; damage concentrated on the younger flush. Temperature mild with intermittent rain in the preceding week.
568_jpg.rf.65e5838ccac00268522e50c452baad0f.jpg,1,2,LEAF_RUST,Field note: several leaves on the shoot showing the same pattern; raised circular spots slightly rough to the touch; necrotic tissue with a narrow chlorotic halo. Sampled from the middle canopy of a mature bush.
568_jpg.rf.65e5838ccac00268522e50c452baad0f.jpg,2,3,LOOPER_CATERPILLARS,Plucking-round note: older leaves more affected than the new growth; discoloured patches of no consistent outline; chewed leaf margins with irregular notches. Drainage in this part of the field is poor.
568_jpg.rf.65e5838ccac00268522e50c452baad0f.jpg,3,0,LEAF_BLIGHT,Field entry: affected leaves drying from the tip backwards; discoloured patches of no consistent outline. Recorded during the routine block walk.
568_jpg.rf.65e5838ccac00268522e50c452baad0f.jpg,4,2,LEAF_RUST,Scout record: greyish-brown patches spreading inward from the leaf margin; discoloured patches of no consistent outline; shoot tip wilting above the damaged zone. The section borders an older unpruned block.
569_jpg.rf.109573ff6acb2230cc240fb55864c56e.jpg,0,0,LEAF_BLIGHT,Plucking-round note: discoloured patches of no consistent outline; scattered spots of varying size across the lamina; concentric zonation visible within the older lesions. The block was pruned in the previous season.
580_jpg.rf.c214a7a95c6b9eddb2c39232a2dbf7b9.jpg,0,2,LEAF_RUST,Field note: shoot tip wilting above the damaged zone; several leaves on the shoot showing the same pattern. Humidity had been high for several days before the visit.
580_jpg.rf.c214a7a95c6b9eddb2c39232a2dbf7b9.jpg,1,3,LOOPER_CATERPILLARS,Plucking-round note: discoloured patches of no consistent outline; irregular brown lesions with darker margins on the lamina; irregular holes through the lamina between the veins. Temperature mild with intermittent rain in the preceding week.
580_jpg.rf.c214a7a95c6b9eddb2c39232a2dbf7b9.jpg,2,2,LEAF_RUST,Inspection entry: older leaves more affected than the new growth; orange to rust-red velvety growth on the affected patches. Temperature mild with intermittent rain in the preceding week.
580_jpg.rf.c214a7a95c6b9eddb2c39232a2dbf7b9.jpg,3,2,LEAF_RUST,Plucking-round note: discoloured patches of no consistent outline; marginal yellowing progressing to a dry brown rim. Noted while assessing the plucking table.
580_jpg.rf.c214a7a95c6b9eddb2c39232a2dbf7b9.jpg,4,3,LOOPER_CATERPILLARS,Field entry: necrotic tissue with a narrow chlorotic halo; chewed leaf margins with irregular notches. Sampled from the middle canopy of a mature bush.
580_jpg.rf.c214a7a95c6b9eddb2c39232a2dbf7b9.jpg,5,0,LEAF_BLIGHT,Scout record: lesions coalescing into large dry blighted areas; damage concentrated on the younger flush; shoot tip wilting above the damaged zone. Drainage in this part of the field is poor.
588_jpg.rf.68d2b269703b3010763b920caa4ee89a.jpg,0,2,LEAF_RUST,Plucking-round note: raised circular spots slightly rough to the touch; marginal yellowing progressing to a dry brown rim. Observed on the shaded side of the row.
596_jpg.rf.236d96da50ec6bbea83263c67fc929b2.jpg,0,2,LEAF_RUST,Scout record: older leaves more affected than the new growth; irregular brown lesions with darker margins on the lamina; raised circular spots slightly rough to the touch. Humidity had been high for several days before the visit.
596_jpg.rf.236d96da50ec6bbea83263c67fc929b2.jpg,1,3,LOOPER_CATERPILLARS,Scout record: discoloured patches of no consistent outline; irregular brown lesions with darker margins on the lamina; greyish-brown patches spreading inward from the leaf margin. Humidity had been high for several days before the visit.
596_jpg.rf.236d96da50ec6bbea83263c67fc929b2.jpg,2,3,LOOPER_CATERPILLARS,Field note: dark frass pellets caught in the leaf axils; scattered spots of varying size across the lamina. Temperature mild with intermittent rain in the preceding week.
596_jpg.rf.236d96da50ec6bbea83263c67fc929b2.jpg,3,2,LEAF_RUST,Field note: affected leaves drying from the tip backwards; irregular brown lesions with darker margins on the lamina. Leaf collected from second-flush material.
596_jpg.rf.236d96da50ec6bbea83263c67fc929b2.jpg,4,2,LEAF_RUST,Inspection entry: affected leaves drying from the tip backwards; older leaves more affected than the new growth; several leaves on the shoot showing the same pattern. Recorded during the routine block walk.
5_jpg.rf.e58495de274e2d8d4e62587e73db7f5e.jpg,0,0,LEAF_BLIGHT,Field note: shoot tip wilting above the damaged zone; damage concentrated on the younger flush. Temperature mild with intermittent rain in the preceding week.
5_jpg.rf.e58495de274e2d8d4e62587e73db7f5e.jpg,1,3,LOOPER_CATERPILLARS,Plucking-round note: affected leaves drying from the tip backwards; shoot tip wilting above the damaged zone. Sampled from the middle canopy of a mature bush.
607_jpg.rf.6df1653afc50b9d0d1af8b62470adfec.jpg,0,3,LOOPER_CATERPILLARS,Field note: scorched leaf edges that curl upward when dry; irregular holes through the lamina between the veins; discoloured patches of no consistent outline. Drainage in this part of the field is poor.
607_jpg.rf.6df1653afc50b9d0d1af8b62470adfec.jpg,1,3,LOOPER_CATERPILLARS,Scout record: older leaves more affected than the new growth; discoloured patches of no consistent outline. Sampled from the middle canopy of a mature bush.
68_jpg.rf.e7294d4fac411371df3144a61bcacc0e.jpg,0,0,LEAF_BLIGHT,Field entry: shoot tip wilting above the damaged zone; concentric zonation visible within the older lesions. Sampled from the middle canopy of a mature bush.
68_jpg.rf.e7294d4fac411371df3144a61bcacc0e.jpg,1,3,LOOPER_CATERPILLARS,Field entry: dark frass pellets caught in the leaf axils; damage concentrated on the younger flush; shoot tip wilting above the damaged zone. Noted while assessing the plucking table.
80_jpg.rf.57f0b5175a4aa0b217b5fa8f69962546.jpg,0,1,LEAF_HOPPERS,Inspection entry: necrotic tissue with a narrow chlorotic halo; several leaves on the shoot showing the same pattern; discoloured patches of no consistent outline. The section borders an older unpruned block.
86_jpg.rf.0db4a80b5735c8cc23f6a4b239c632ae.jpg,0,0,LEAF_BLIGHT,Block observation: irregular brown lesions with darker margins on the lamina; shoot tip wilting above the damaged zone; discoloured patches of no consistent outline. The section borders an older unpruned block.
94_jpg.rf.3c3b013186ee2eb6f11d63f9a9ccd690.jpg,0,3,LOOPER_CATERPILLARS,Field entry: marginal yellowing progressing to a dry brown rim; discoloured patches of no consistent outline. Sampled from the middle canopy of a mature bush.
IMG_0347_JPG_jpg.rf.de6c525446575a4ece45b125296856de.jpg,0,4,MOSQUITO_BUG,Inspection entry: shoot tip wilting above the damaged zone; damage concentrated on the younger flush; scattered spots of varying size across the lamina. Noted while assessing the plucking table.
IMG_0347_JPG_jpg.rf.de6c525446575a4ece45b125296856de.jpg,1,4,MOSQUITO_BUG,Inspection entry: damage concentrated on the younger flush; scattered spots of varying size across the lamina; shoot tip wilting above the damaged zone. Sampled from the middle canopy of a mature bush.
IMG_0429_jpg.rf.51bfb43d724982812763f5dec8420dc2.jpg,0,0,LEAF_BLIGHT,Field note: greyish-brown patches spreading inward from the leaf margin; older leaves more affected than the new growth; scattered spots of varying size across the lamina. The block was pruned in the previous season.
IMG_07_jpeg.rf.4fade831d10a1f12ec2c0890dc0d2d82.jpg,0,0,LEAF_BLIGHT,Block observation: shoot tip wilting above the damaged zone; older leaves more affected than the new growth; scattered spots of varying size across the lamina. Observed on the shaded side of the row.
IMG_07_jpeg.rf.4fade831d10a1f12ec2c0890dc0d2d82.jpg,1,0,LEAF_BLIGHT,Field note: lesions coalescing into large dry blighted areas; shoot tip wilting above the damaged zone; irregular brown lesions with darker margins on the lamina. Leaf collected from second-flush material.
IMG_0833_JPG_jpg.rf.323506f411908a12b2956e82d3e76af5.jpg,0,2,LEAF_RUST,Block observation: marginal yellowing progressing to a dry brown rim; raised circular spots slightly rough to the touch; several leaves on the shoot showing the same pattern. Sampled from the middle canopy of a mature bush.
IMG_1201_JPG_jpg.rf.af2eb463b3b85ff988406b38b025840d.jpg,0,4,MOSQUITO_BUG,Scout record: discoloured patches of no consistent outline; marginal yellowing progressing to a dry brown rim. Noted while assessing the plucking table.
IMG_1401_JPG_jpg.rf.6658314bb01414540c2590a1d63bf9bd.jpg,0,4,MOSQUITO_BUG,Field entry: marginal yellowing progressing to a dry brown rim; scattered spots of varying size across the lamina. Leaf collected from second-flush material.
IMG_1454_JPG_jpg.rf.893e68d7fbf9c73138ae08d3d8fbc948.jpg,0,4,MOSQUITO_BUG,Plucking-round note: several leaves on the shoot showing the same pattern; older leaves more affected than the new growth. Leaf collected from second-flush material.
IMG_1454_JPG_jpg.rf.893e68d7fbf9c73138ae08d3d8fbc948.jpg,1,4,MOSQUITO_BUG,Inspection entry: corky brown scars where earlier punctures have healed; scorched leaf edges that curl upward when dry. The block was pruned in the previous season.
IMG_1454_JPG_jpg.rf.893e68d7fbf9c73138ae08d3d8fbc948.jpg,2,4,MOSQUITO_BUG,Field note: sunken dark feeding punctures on the young shoot; greyish-brown patches spreading inward from the leaf margin. Drainage in this part of the field is poor.
IMG_1460_JPG_jpg.rf.b19cd97e2c8e2961a8c6cb1cb24352cc.jpg,0,4,MOSQUITO_BUG,Plucking-round note: discoloured patches of no consistent outline; several leaves on the shoot showing the same pattern. Temperature mild with intermittent rain in the preceding week.
IMG_1538_JPG_jpg.rf.d8f4443372807660075619ea2daabaeb.jpg,0,4,MOSQUITO_BUG,Field note: sunken dark feeding punctures on the young shoot; shoot tip wilting above the damaged zone; necrotic tissue with a narrow chlorotic halo. Temperature mild with intermittent rain in the preceding week.
IMG_15_04_jpeg.rf.3511e3d889ff1f917bb7614d82030909.jpg,0,0,LEAF_BLIGHT,Scout record: concentric zonation visible within the older lesions; shoot tip wilting above the damaged zone; marginal yellowing progressing to a dry brown rim. Drainage in this part of the field is poor.
IMG_15_04_jpeg.rf.3511e3d889ff1f917bb7614d82030909.jpg,1,0,LEAF_BLIGHT,Inspection entry: lesions coalescing into large dry blighted areas; discoloured patches of no consistent outline. Observed on the shaded side of the row.
IMG_15_04_jpeg.rf.3511e3d889ff1f917bb7614d82030909.jpg,2,0,LEAF_BLIGHT,Field note: shoot tip wilting above the damaged zone; scorched leaf edges that curl upward when dry; necrotic tissue with a narrow chlorotic halo. The section borders an older unpruned block.
IMG_15_09_jpeg.rf.70195fe0f70d0e2113a4ef47817bcf3b.jpg,0,3,LOOPER_CATERPILLARS,Block observation: scattered spots of varying size across the lamina; older leaves more affected than the new growth. Sampled from the middle canopy of a mature bush.
IMG_15_09_jpeg.rf.70195fe0f70d0e2113a4ef47817bcf3b.jpg,1,3,LOOPER_CATERPILLARS,Scout record: necrotic tissue with a narrow chlorotic halo; damage concentrated on the younger flush; scattered spots of varying size across the lamina. The section borders an older unpruned block.
IMG_15_09_jpeg.rf.70195fe0f70d0e2113a4ef47817bcf3b.jpg,2,3,LOOPER_CATERPILLARS,Plucking-round note: affected leaves drying from the tip backwards; irregular brown lesions with darker margins on the lamina. Leaf collected from second-flush material.
IMG_15_14_jpeg.rf.cfdca06be6df3c7d49e3b3d98c935a05.jpg,0,0,LEAF_BLIGHT,Field entry: irregular brown lesions with darker margins on the lamina; concentric zonation visible within the older lesions; scorched leaf edges that curl upward when dry. Leaf collected from second-flush material.
IMG_15_18_jpeg.rf.68243cab6d57a72d821f06e2911aaca0.jpg,0,2,LEAF_RUST,Field entry: irregular brown lesions with darker margins on the lamina; marginal yellowing progressing to a dry brown rim. Humidity had been high for several days before the visit.
IMG_15_23_jpeg.rf.e208f698cca4e4d7f9e335b1b65d0a4d.jpg,0,3,LOOPER_CATERPILLARS,Block observation: shoot tip wilting above the damaged zone; irregular brown lesions with darker margins on the lamina; damage concentrated on the younger flush. The block was pruned in the previous season.
IMG_15_23_jpeg.rf.e208f698cca4e4d7f9e335b1b65d0a4d.jpg,1,3,LOOPER_CATERPILLARS,Field note: scorched leaf edges that curl upward when dry; greyish-brown patches spreading inward from the leaf margin; marginal yellowing progressing to a dry brown rim. The block was pruned in the previous season.
IMG_15_jpeg.rf.c98ad1c650db78340c2b48b38d12a775.jpg,0,0,LEAF_BLIGHT,Plucking-round note: lesions coalescing into large dry blighted areas; greyish-brown patches spreading inward from the leaf margin. Drainage in this part of the field is poor.
IMG_20230612_152611_jpg.rf.dd2930ae2b4ae5eb6fe3bb3607deb274.jpg,0,2,LEAF_RUST,Plucking-round note: marginal yellowing progressing to a dry brown rim; orange to rust-red velvety growth on the affected patches; necrotic tissue with a narrow chlorotic halo. Leaf collected from second-flush material.
IMG_20230612_154227_jpg.rf.8fce569a11cb951ac0ea8f8a9ed7656f.jpg,0,2,LEAF_RUST,Plucking-round note: several leaves on the shoot showing the same pattern; raised circular spots slightly rough to the touch. Leaf collected from second-flush material.
IMG_20230612_154227_jpg.rf.8fce569a11cb951ac0ea8f8a9ed7656f.jpg,1,2,LEAF_RUST,Block observation: orange to rust-red velvety growth on the affected patches; damage concentrated on the younger flush; irregular brown lesions with darker margins on the lamina. Observed on the shaded side of the row.
IMG_20230612_154227_jpg.rf.8fce569a11cb951ac0ea8f8a9ed7656f.jpg,2,2,LEAF_RUST,Plucking-round note: discoloured patches of no consistent outline; greyish-brown patches spreading inward from the leaf margin; scorched leaf edges that curl upward when dry. Leaf collected from second-flush material.
IMG_20230612_154227_jpg.rf.8fce569a11cb951ac0ea8f8a9ed7656f.jpg,3,2,LEAF_RUST,Field entry: several leaves on the shoot showing the same pattern; discoloured patches of no consistent outline; raised circular spots slightly rough to the touch. The section borders an older unpruned block.
IMG_20230612_154254_jpg.rf.bd8019f8d572ece99fa5851f3da90ae2.jpg,0,0,LEAF_BLIGHT,Block observation: damage concentrated on the younger flush; greyish-brown patches spreading inward from the leaf margin. The block was pruned in the previous season.
IMG_20230612_154300_jpg.rf.45f70ffc92df648a7f0524abf0f79c04.jpg,0,0,LEAF_BLIGHT,Plucking-round note: concentric zonation visible within the older lesions; discoloured patches of no consistent outline. Temperature mild with intermittent rain in the preceding week.
IMG_20230612_155121_jpg.rf.aaadda0aa5c2ccd9cbf388d08b29468b.jpg,0,2,LEAF_RUST,Field note: marginal yellowing progressing to a dry brown rim; scorched leaf edges that curl upward when dry; irregular brown lesions with darker margins on the lamina. Leaf collected from second-flush material.
IMG_20230612_155953_jpg.rf.06e23caa299d0f127db2c2dc845e7706.jpg,0,2,LEAF_RUST,Scout record: raised circular spots slightly rough to the touch; damage concentrated on the younger flush; affected leaves drying from the tip backwards. The section borders an older unpruned block.
IMG_20230612_160342_jpg.rf.06208f8783b7758c2928e95c474627f9.jpg,0,2,LEAF_RUST,Field note: scattered spots of varying size across the lamina; marginal yellowing progressing to a dry brown rim; greyish-brown patches spreading inward from the leaf margin. Temperature mild with intermittent rain in the preceding week.
IMG_20230612_160342_jpg.rf.06208f8783b7758c2928e95c474627f9.jpg,1,0,LEAF_BLIGHT,Field note: scattered spots of varying size across the lamina; marginal yellowing progressing to a dry brown rim. Sampled from the middle canopy of a mature bush.
IMG_20230612_160945_jpg.rf.92ea29c0b5a59326062c2e1c1599240f.jpg,0,0,LEAF_BLIGHT,Scout record: lesions coalescing into large dry blighted areas; damage concentrated on the younger flush; shoot tip wilting above the damaged zone. The section borders an older unpruned block.
IMG_20230612_161120_jpg.rf.7e517fb0460f8edf4f1254c9aad638c2.jpg,0,2,LEAF_RUST,Field entry: orange to rust-red velvety growth on the affected patches; shoot tip wilting above the damaged zone; discoloured patches of no consistent outline. Recorded during the routine block walk.
IMG_20230612_161120_jpg.rf.7e517fb0460f8edf4f1254c9aad638c2.jpg,1,2,LEAF_RUST,Scout record: scattered spots of varying size across the lamina; several leaves on the shoot showing the same pattern; raised circular spots slightly rough to the touch. Noted while assessing the plucking table.
IMG_20230612_161606_jpg.rf.d8cf7baeaf657a78f4141fa562188d79.jpg,0,0,LEAF_BLIGHT,Block observation: greyish-brown patches spreading inward from the leaf margin; necrotic tissue with a narrow chlorotic halo; irregular brown lesions with darker margins on the lamina. Temperature mild with intermittent rain in the preceding week.
IMG_20230612_161957_jpg.rf.82a5a0c221c10529487b23b82dc12b8d.jpg,0,2,LEAF_RUST,Block observation: shoot tip wilting above the damaged zone; necrotic tissue with a narrow chlorotic halo. Leaf collected from second-flush material.
IMG_20230612_161957_jpg.rf.82a5a0c221c10529487b23b82dc12b8d.jpg,1,2,LEAF_RUST,Block observation: orange to rust-red velvety growth on the affected patches; scattered spots of varying size across the lamina; necrotic tissue with a narrow chlorotic halo. Observed on the shaded side of the row.
IMG_20230612_162542_jpg.rf.dccb0872097d9302a9b22456d1298a08.jpg,0,2,LEAF_RUST,Inspection entry: older leaves more affected than the new growth; orange to rust-red velvety growth on the affected patches. Drainage in this part of the field is poor.
IMG_20230612_164136_jpg.rf.15ee0cf2ebeec7d9e5750b5c3a1e3fa0.jpg,0,0,LEAF_BLIGHT,Field entry: damage concentrated on the younger flush; marginal yellowing progressing to a dry brown rim; concentric zonation visible within the older lesions. The section borders an older unpruned block.
IMG_20230612_164703_jpg.rf.5f92245e3a0fa9f85bbc6fd4c287ccaa.jpg,0,2,LEAF_RUST,Field entry: damage concentrated on the younger flush; orange to rust-red velvety growth on the affected patches. The section borders an older unpruned block.
IMG_20230612_165931_jpg.rf.661f952e93cdd24a9fa87b7d23961a32.jpg,0,2,LEAF_RUST,Block observation: several leaves on the shoot showing the same pattern; discoloured patches of no consistent outline; greyish-brown patches spreading inward from the leaf margin. Humidity had been high for several days before the visit.
IMG_20230612_165931_jpg.rf.661f952e93cdd24a9fa87b7d23961a32.jpg,1,2,LEAF_RUST,Field note: scattered spots of varying size across the lamina; discoloured patches of no consistent outline. The block was pruned in the previous season.
IMG_20230612_171506_jpg.rf.b1d41c10140869660bfa2bc3cb111dea.jpg,0,2,LEAF_RUST,Plucking-round note: damage concentrated on the younger flush; irregular brown lesions with darker margins on the lamina. Noted while assessing the plucking table.
IMG_20230612_171649_jpg.rf.2666aec2f144deb86b46990537e67e24.jpg,0,2,LEAF_RUST,Field entry: orange to rust-red velvety growth on the affected patches; older leaves more affected than the new growth; greyish-brown patches spreading inward from the leaf margin. The section borders an older unpruned block.
IMG_20230612_172416_jpg.rf.565a2055e84b173c6c06b5e48812951a.jpg,0,2,LEAF_RUST,Inspection entry: necrotic tissue with a narrow chlorotic halo; shoot tip wilting above the damaged zone; greyish-brown patches spreading inward from the leaf margin. The section borders an older unpruned block.
IMG_20230612_172840_jpg.rf.6265dc6eaa69bb36221ed890006f2f96.jpg,0,2,LEAF_RUST,Inspection entry: scattered spots of varying size across the lamina; shoot tip wilting above the damaged zone; necrotic tissue with a narrow chlorotic halo. Drainage in this part of the field is poor.
IMG_20230624_101122_jpg.rf.5eaec8974e8cc02272c1df4a2ac66ff5.jpg,0,0,LEAF_BLIGHT,Block observation: scattered spots of varying size across the lamina; greyish-brown patches spreading inward from the leaf margin. Humidity had been high for several days before the visit.
IMG_20230624_101122_jpg.rf.8e32454ba74e53d7d28ef261055988d0.jpg,0,0,LEAF_BLIGHT,Scout record: marginal yellowing progressing to a dry brown rim; scattered spots of varying size across the lamina; concentric zonation visible within the older lesions. Drainage in this part of the field is poor.
IMG_20230624_101122_jpg.rf.8e32454ba74e53d7d28ef261055988d0.jpg,1,0,LEAF_BLIGHT,Plucking-round note: scattered spots of varying size across the lamina; lesions coalescing into large dry blighted areas; greyish-brown patches spreading inward from the leaf margin. Noted while assessing the plucking table.
IMG_20230624_101122_jpg.rf.8e32454ba74e53d7d28ef261055988d0.jpg,2,2,LEAF_RUST,Field entry: irregular brown lesions with darker margins on the lamina; older leaves more affected than the new growth; raised circular spots slightly rough to the touch. Noted while assessing the plucking table.
IMG_20230624_105052_jpg.rf.d9a21c29ee311de35cd9337b7db44d6d.jpg,0,2,LEAF_RUST,Inspection entry: affected leaves drying from the tip backwards; orange to rust-red velvety growth on the affected patches; shoot tip wilting above the damaged zone. Drainage in this part of the field is poor.
IMG_20230624_162153_jpg.rf.3e5250cad55d240bf9234f830c0993f1.jpg,0,0,LEAF_BLIGHT,Inspection entry: lesions coalescing into large dry blighted areas; several leaves on the shoot showing the same pattern; scorched leaf edges that curl upward when dry. Sampled from the middle canopy of a mature bush.
IMG_20230624_162157_jpg.rf.2b3bbe7b3e12094e390176d99e30400c.jpg,0,0,LEAF_BLIGHT,Inspection entry: damage concentrated on the younger flush; affected leaves drying from the tip backwards. The block was pruned in the previous season.
IMG_20230624_162956_jpg.rf.952142da0685803b28993c3d90e627b9.jpg,0,0,LEAF_BLIGHT,Inspection entry: concentric zonation visible within the older lesions; older leaves more affected than the new growth; discoloured patches of no consistent outline. Humidity had been high for several days before the visit.
IMG_20230624_163513_jpg.rf.ad80359bd27f008d79ad83ac2a05ddbc.jpg,0,2,LEAF_RUST,Field note: discoloured patches of no consistent outline; scorched leaf edges that curl upward when dry. Observed on the shaded side of the row.
IMG_20230624_163929_jpg.rf.ef8b79d7a82a38b04450f127d302b540.jpg,0,2,LEAF_RUST,Inspection entry: orange to rust-red velvety growth on the affected patches; irregular brown lesions with darker margins on the lamina. Noted while assessing the plucking table.
IMG_20230624_164326_jpg.rf.18c1a39ae9582263e248be3b595a226a.jpg,0,2,LEAF_RUST,Inspection entry: shoot tip wilting above the damaged zone; discoloured patches of no consistent outline; orange to rust-red velvety growth on the affected patches. Drainage in this part of the field is poor.
IMG_20250318_152151_jpg.rf.08b8e00fd0b43aad09c825e2f6c94db0.jpg,0,4,MOSQUITO_BUG,Scout record: damage concentrated on the younger flush; greyish-brown patches spreading inward from the leaf margin; irregular brown lesions with darker margins on the lamina. The block was pruned in the previous season.
IMG_20250318_152151_jpg.rf.08b8e00fd0b43aad09c825e2f6c94db0.jpg,1,4,MOSQUITO_BUG,Plucking-round note: irregular brown lesions with darker margins on the lamina; marginal yellowing progressing to a dry brown rim. The section borders an older unpruned block.
IMG_20250318_152151_jpg.rf.08b8e00fd0b43aad09c825e2f6c94db0.jpg,2,4,MOSQUITO_BUG,Block observation: affected leaves drying from the tip backwards; sunken dark feeding punctures on the young shoot. Leaf collected from second-flush material.
IMG_20250319_131043_jpg.rf.b14cc14c21ffb25cb98c53ef564ff797.jpg,0,4,MOSQUITO_BUG,Block observation: affected leaves drying from the tip backwards; irregular brown lesions with darker margins on the lamina; older leaves more affected than the new growth. Drainage in this part of the field is poor.
IMG_20250319_131043_jpg.rf.b14cc14c21ffb25cb98c53ef564ff797.jpg,1,4,MOSQUITO_BUG,Scout record: scattered spots of varying size across the lamina; corky brown scars where earlier punctures have healed; damage concentrated on the younger flush. Sampled from the middle canopy of a mature bush.
IMG_20250319_131402_jpg.rf.c2a6dd321a59347ce12f462a1df72cf5.jpg,0,4,MOSQUITO_BUG,Plucking-round note: necrotic tissue with a narrow chlorotic halo; discoloured patches of no consistent outline; corky brown scars where earlier punctures have healed. Recorded during the routine block walk.
IMG_20250319_131402_jpg.rf.c2a6dd321a59347ce12f462a1df72cf5.jpg,1,4,MOSQUITO_BUG,Scout record: sunken dark feeding punctures on the young shoot; discoloured patches of no consistent outline; damage concentrated on the younger flush. Noted while assessing the plucking table.
IMG_20250319_132117_jpg.rf.b7cb89c2664d8aa24229a54e68bd5de9.jpg,0,4,MOSQUITO_BUG,Scout record: discoloured patches of no consistent outline; shoot tip wilting above the damaged zone. Temperature mild with intermittent rain in the preceding week.
IMG_20250320_150048_jpg.rf.3eddcee4af4eed354b79bf80183b559a.jpg,0,4,MOSQUITO_BUG,Field entry: shoot tip wilting above the damaged zone; discoloured patches of no consistent outline; scattered spots of varying size across the lamina. Noted while assessing the plucking table.
IMG_20250320_150436_jpg.rf.ed5fdfdf2b35bef601f9197841881aac.jpg,0,4,MOSQUITO_BUG,Plucking-round note: several leaves on the shoot showing the same pattern; discoloured patches of no consistent outline; sunken dark feeding punctures on the young shoot. Observed on the shaded side of the row.
IMG_20250320_150436_jpg.rf.ed5fdfdf2b35bef601f9197841881aac.jpg,1,4,MOSQUITO_BUG,Field entry: shoot tip wilting above the damaged zone; damage concentrated on the younger flush. Noted while assessing the plucking table.
IMG_20250320_150537_jpg.rf.ac683f270d74a2c76a9962a4972f999b.jpg,0,4,MOSQUITO_BUG,Plucking-round note: damage concentrated on the younger flush; shoot tip wilting above the damaged zone. Noted while assessing the plucking table.
IMG_20250320_150827_jpg.rf.926e156b3091e045b54d9711b242d416.jpg,0,4,MOSQUITO_BUG,Scout record: several leaves on the shoot showing the same pattern; scorched leaf edges that curl upward when dry; necrotic tissue with a narrow chlorotic halo. Recorded during the routine block walk.
IMG_20250320_150927_jpg.rf.3069b53a038a295e080acd10708ddff6.jpg,0,4,MOSQUITO_BUG,Inspection entry: affected leaves drying from the tip backwards; corky brown scars where earlier punctures have healed. Drainage in this part of the field is poor.
IMG_20250320_151108_jpg.rf.c76872ab6c054ff2cc17954f9474c4e3.jpg,0,4,MOSQUITO_BUG,Plucking-round note: irregular brown lesions with darker margins on the lamina; older leaves more affected than the new growth; necrotic tissue with a narrow chlorotic halo. Leaf collected from second-flush material.
IMG_20250320_151108_jpg.rf.c76872ab6c054ff2cc17954f9474c4e3.jpg,1,4,MOSQUITO_BUG,Plucking-round note: discoloured patches of no consistent outline; affected leaves drying from the tip backwards; scattered spots of varying size across the lamina. Leaf collected from second-flush material.
IMG_20250320_151422_jpg.rf.e83c35293eef3911ba86a21f0d8d1b5b.jpg,0,4,MOSQUITO_BUG,Plucking-round note: scorched leaf edges that curl upward when dry; damage concentrated on the younger flush; shoot tip wilting above the damaged zone. Observed on the shaded side of the row.
IMG_20250320_153222_jpg.rf.05c717e3cb4c003335804c9066dca8dd.jpg,0,4,MOSQUITO_BUG,Block observation: corky brown scars where earlier punctures have healed; older leaves more affected than the new growth; scorched leaf edges that curl upward when dry. The section borders an older unpruned block.
IMG_20250320_153222_jpg.rf.05c717e3cb4c003335804c9066dca8dd.jpg,1,4,MOSQUITO_BUG,Inspection entry: corky brown scars where earlier punctures have healed; greyish-brown patches spreading inward from the leaf margin; shoot tip wilting above the damaged zone. Leaf collected from second-flush material.
IMG_20250320_153648_jpg.rf.38757d13867f324f85065afe9c36d339.jpg,0,4,MOSQUITO_BUG,Field entry: marginal yellowing progressing to a dry brown rim; irregular brown lesions with darker margins on the lamina. Sampled from the middle canopy of a mature bush.
IMG_20250320_154042_jpg.rf.2967721c07c8a01bbd60e64571d725ae.jpg,0,4,MOSQUITO_BUG,Plucking-round note: marginal yellowing progressing to a dry brown rim; damage concentrated on the younger flush; corky brown scars where earlier punctures have healed. Observed on the shaded side of the row.
IMG_20250320_154208_jpg.rf.0aa927c5039862413524c4490da8e6d3.jpg,0,4,MOSQUITO_BUG,Scout record: greyish-brown patches spreading inward from the leaf margin; necrotic tissue with a narrow chlorotic halo; shoot tip wilting above the damaged zone. Recorded during the routine block walk.
IMG_20250320_154437_jpg.rf.68caf3c603aa5c7e6a3ad7a13910c70e.jpg,0,4,MOSQUITO_BUG,Field note: scorched leaf edges that curl upward when dry; several leaves on the shoot showing the same pattern. Temperature mild with intermittent rain in the preceding week.
IMG_20250320_154607_jpg.rf.6e3eb3df84d4683a8da046169fc8fe39.jpg,0,4,MOSQUITO_BUG,Field note: several leaves on the shoot showing the same pattern; corky brown scars where earlier punctures have healed. Drainage in this part of the field is poor.
IMG_20250320_154607_jpg.rf.6e3eb3df84d4683a8da046169fc8fe39.jpg,1,4,MOSQUITO_BUG,Inspection entry: affected leaves drying from the tip backwards; several leaves on the shoot showing the same pattern. The block was pruned in the previous season.
IMG_20250320_154607_jpg.rf.6e3eb3df84d4683a8da046169fc8fe39.jpg,2,4,MOSQUITO_BUG,Plucking-round note: marginal yellowing progressing to a dry brown rim; irregular brown lesions with darker margins on the lamina; discoloured patches of no consistent outline. Recorded during the routine block walk.
IMG_20250320_154750_jpg.rf.96df03f4296d5303b3237bce593a96f4.jpg,0,4,MOSQUITO_BUG,Inspection entry: necrotic tissue with a narrow chlorotic halo; affected leaves drying from the tip backwards. The section borders an older unpruned block.
IMG_20250320_155115_jpg.rf.9c5083cbd94e916e6a9c28891c82d04a.jpg,0,4,MOSQUITO_BUG,Plucking-round note: corky brown scars where earlier punctures have healed; irregular brown lesions with darker margins on the lamina. Noted while assessing the plucking table.
IMG_20250320_155736_jpg.rf.a70bc3cd531d3016785bec90c5599fb6.jpg,0,4,MOSQUITO_BUG,Scout record: corky brown scars where earlier punctures have healed; damage concentrated on the younger flush; several leaves on the shoot showing the same pattern. Drainage in this part of the field is poor.
IMG_20250320_155736_jpg.rf.a70bc3cd531d3016785bec90c5599fb6.jpg,1,4,MOSQUITO_BUG,Field entry: discoloured patches of no consistent outline; greyish-brown patches spreading inward from the leaf margin. The section borders an older unpruned block.
IMG_20250321_115433_jpg.rf.44cf88824f9100bdaadcad95dfd5bfce.jpg,0,4,MOSQUITO_BUG,Plucking-round note: irregular brown lesions with darker margins on the lamina; discoloured patches of no consistent outline. The block was pruned in the previous season.
IMG_20250321_115743_jpg.rf.fc7f2a35deb2201b79f72ef4c859bf97.jpg,0,4,MOSQUITO_BUG,Field entry: discoloured patches of no consistent outline; scattered spots of varying size across the lamina; corky brown scars where earlier punctures have healed. Sampled from the middle canopy of a mature bush.
IMG_20250321_121509_jpg.rf.2ed3e6fbd77867335075cde389f516f5.jpg,0,4,MOSQUITO_BUG,Inspection entry: scorched leaf edges that curl upward when dry; discoloured patches of no consistent outline; sunken dark feeding punctures on the young shoot. The block was pruned in the previous season.
IMG_20250321_121520_jpg.rf.6e82e5d814481f8386ac902f629db61c.jpg,0,4,MOSQUITO_BUG,Block observation: marginal yellowing progressing to a dry brown rim; corky brown scars where earlier punctures have healed; shoot tip wilting above the damaged zone. Leaf collected from second-flush material.
IMG_20250321_121520_jpg.rf.6e82e5d814481f8386ac902f629db61c.jpg,1,4,MOSQUITO_BUG,Block observation: several leaves on the shoot showing the same pattern; greyish-brown patches spreading inward from the leaf margin. Humidity had been high for several days before the visit.
IMG_20250321_122940_jpg.rf.19d1e482b84e1a6ce554eab2d768f175.jpg,0,4,MOSQUITO_BUG,Plucking-round note: corky brown scars where earlier punctures have healed; several leaves on the shoot showing the same pattern; greyish-brown patches spreading inward from the leaf margin. The block was pruned in the previous season.
IMG_2490_JPG_jpg.rf.b9188df57a13880ada88775d3307d215.jpg,0,4,MOSQUITO_BUG,Inspection entry: sunken dark feeding punctures on the young shoot; necrotic tissue with a narrow chlorotic halo; damage concentrated on the younger flush. Drainage in this part of the field is poor.
IMG_2519_JPG_jpg.rf.b4b404aee0d9c695603fc9f07929f28a.jpg,0,4,MOSQUITO_BUG,Plucking-round note: several leaves on the shoot showing the same pattern; scorched leaf edges that curl upward when dry. The section borders an older unpruned block.
IMG_2537_JPG_jpg.rf.dfb129f2350e574db5fbd3942c3a5fec.jpg,0,4,MOSQUITO_BUG,Plucking-round note: shoot tip wilting above the damaged zone; older leaves more affected than the new growth; greyish-brown patches spreading inward from the leaf margin. Drainage in this part of the field is poor.
IMG_2674_JPG_jpg.rf.37ff83c55e721d9401c078a57ed79936.jpg,0,4,MOSQUITO_BUG,Field entry: damage concentrated on the younger flush; corky brown scars where earlier punctures have healed; greyish-brown patches spreading inward from the leaf margin. Noted while assessing the plucking table.
IMG_2730_JPG_jpg.rf.7456438e17e6defb6069ffda1a67c5a4.jpg,0,4,MOSQUITO_BUG,Inspection entry: irregular brown lesions with darker margins on the lamina; damage concentrated on the younger flush; necrotic tissue with a narrow chlorotic halo. Noted while assessing the plucking table.
IMG_2730_JPG_jpg.rf.7456438e17e6defb6069ffda1a67c5a4.jpg,1,4,MOSQUITO_BUG,Field note: corky brown scars where earlier punctures have healed; irregular brown lesions with darker margins on the lamina; marginal yellowing progressing to a dry brown rim. The block was pruned in the previous season.
IMG_29_jpeg.rf.46ea9fbd8c9fa0abf432e1357a86fc67.jpg,0,0,LEAF_BLIGHT,Plucking-round note: discoloured patches of no consistent outline; affected leaves drying from the tip backwards. Recorded during the routine block walk.
IMG_29_jpeg.rf.46ea9fbd8c9fa0abf432e1357a86fc67.jpg,1,0,LEAF_BLIGHT,Inspection entry: damage concentrated on the younger flush; irregular brown lesions with darker margins on the lamina. Humidity had been high for several days before the visit.
IMG_29_jpeg.rf.46ea9fbd8c9fa0abf432e1357a86fc67.jpg,2,0,LEAF_BLIGHT,Field note: discoloured patches of no consistent outline; damage concentrated on the younger flush; affected leaves drying from the tip backwards. Drainage in this part of the field is poor.
IMG_38_jpeg.rf.ed3faee6feffc08d8a5bc1b61f13bcab.jpg,0,3,LOOPER_CATERPILLARS,Plucking-round note: irregular holes through the lamina between the veins; necrotic tissue with a narrow chlorotic halo. Humidity had been high for several days before the visit.
IMG_38_jpeg.rf.ed3faee6feffc08d8a5bc1b61f13bcab.jpg,1,3,LOOPER_CATERPILLARS,Inspection entry: irregular brown lesions with darker margins on the lamina; older leaves more affected than the new growth. Drainage in this part of the field is poor.
IMG_38_jpeg.rf.ed3faee6feffc08d8a5bc1b61f13bcab.jpg,2,3,LOOPER_CATERPILLARS,Block observation: irregular holes through the lamina between the veins; scorched leaf edges that curl upward when dry. Humidity had been high for several days before the visit.
IMG_47_jpeg.rf.6fff36a34b2d2f6ef892d2e893a2cddb.jpg,0,0,LEAF_BLIGHT,Plucking-round note: concentric zonation visible within the older lesions; several leaves on the shoot showing the same pattern. Recorded during the routine block walk.
IMG_47_jpeg.rf.6fff36a34b2d2f6ef892d2e893a2cddb.jpg,1,0,LEAF_BLIGHT,Inspection entry: shoot tip wilting above the damaged zone; concentric zonation visible within the older lesions. Noted while assessing the plucking table.
IMG_47_jpeg.rf.6fff36a34b2d2f6ef892d2e893a2cddb.jpg,2,0,LEAF_BLIGHT,Inspection entry: scorched leaf edges that curl upward when dry; irregular brown lesions with darker margins on the lamina. The block was pruned in the previous season.
IMG_47_jpeg.rf.6fff36a34b2d2f6ef892d2e893a2cddb.jpg,3,0,LEAF_BLIGHT,Scout record: necrotic tissue with a narrow chlorotic halo; scattered spots of varying size across the lamina. Noted while assessing the plucking table.
IMG_55_jpeg.rf.c73d5da42704ae3391ac989697e55d46.jpg,0,0,LEAF_BLIGHT,Field entry: marginal yellowing progressing to a dry brown rim; lesions coalescing into large dry blighted areas. Drainage in this part of the field is poor.
IMG_55_jpeg.rf.c73d5da42704ae3391ac989697e55d46.jpg,1,0,LEAF_BLIGHT,Field entry: irregular brown lesions with darker margins on the lamina; lesions coalescing into large dry blighted areas; scattered spots of varying size across the lamina. Temperature mild with intermittent rain in the preceding week.
IMG_67_jpeg.rf.df81543721e742bed1051bfa33c734fa.jpg,0,3,LOOPER_CATERPILLARS,Plucking-round note: discoloured patches of no consistent outline; several leaves on the shoot showing the same pattern. Leaf collected from second-flush material.
IMG_67_jpeg.rf.df81543721e742bed1051bfa33c734fa.jpg,1,3,LOOPER_CATERPILLARS,Scout record: affected leaves drying from the tip backwards; marginal yellowing progressing to a dry brown rim; necrotic tissue with a narrow chlorotic halo. The block was pruned in the previous season.
IMG_67_jpeg.rf.df81543721e742bed1051bfa33c734fa.jpg,2,3,LOOPER_CATERPILLARS,Plucking-round note: damage concentrated on the younger flush; dark frass pellets caught in the leaf axils. Temperature mild with intermittent rain in the preceding week.
IMG_67_jpeg.rf.df81543721e742bed1051bfa33c734fa.jpg,3,3,LOOPER_CATERPILLARS,Scout record: affected leaves drying from the tip backwards; scorched leaf edges that curl upward when dry. Leaf collected from second-flush material.
IMG_67_jpeg.rf.df81543721e742bed1051bfa33c734fa.jpg,4,3,LOOPER_CATERPILLARS,Field note: greyish-brown patches spreading inward from the leaf margin; discoloured patches of no consistent outline; scattered spots of varying size across the lamina. Observed on the shaded side of the row.
IMG_69_jpeg.rf.9e97bdd846eae2f19db0473cd687be67.jpg,0,1,LEAF_HOPPERS,Inspection entry: scorched leaf edges that curl upward when dry; small wedge-shaped insects disturbed from the underside on handling. The block was pruned in the previous season.
IMG_74_jpeg.rf.924cbde3d618b57328082643f527024f.jpg,0,3,LOOPER_CATERPILLARS,Field entry: irregular brown lesions with darker margins on the lamina; scorched leaf edges that curl upward when dry; marginal yellowing progressing to a dry brown rim. The section borders an older unpruned block.
IMG_74_jpeg.rf.924cbde3d618b57328082643f527024f.jpg,1,0,LEAF_BLIGHT,Block observation: affected leaves drying from the tip backwards; scorched leaf edges that curl upward when dry. Temperature mild with intermittent rain in the preceding week.
IMG_8502_jpg.rf.45eea8c4f4960c6f98d1aeae8f0fe614.jpg,0,0,LEAF_BLIGHT,Inspection entry: marginal yellowing progressing to a dry brown rim; older leaves more affected than the new growth; discoloured patches of no consistent outline. Sampled from the middle canopy of a mature bush.
IMG_8502_jpg.rf.45eea8c4f4960c6f98d1aeae8f0fe614.jpg,1,0,LEAF_BLIGHT,Field note: discoloured patches of no consistent outline; older leaves more affected than the new growth; scorched leaf edges that curl upward when dry. Noted while assessing the plucking table.
IMG_8502_jpg.rf.45eea8c4f4960c6f98d1aeae8f0fe614.jpg,2,0,LEAF_BLIGHT,Block observation: irregular brown lesions with darker margins on the lamina; marginal yellowing progressing to a dry brown rim. Humidity had been high for several days before the visit.
IMG_8503_jpg.rf.6756df9c7f697eb936f8de9d3defea98.jpg,0,0,LEAF_BLIGHT,Block observation: concentric zonation visible within the older lesions; scorched leaf edges that curl upward when dry; shoot tip wilting above the damaged zone. The section borders an older unpruned block.
IMG_8503_jpg.rf.6756df9c7f697eb936f8de9d3defea98.jpg,1,0,LEAF_BLIGHT,Field entry: necrotic tissue with a narrow chlorotic halo; discoloured patches of no consistent outline; damage concentrated on the younger flush. Drainage in this part of the field is poor.
IMG_8503_jpg.rf.6756df9c7f697eb936f8de9d3defea98.jpg,2,0,LEAF_BLIGHT,Field entry: irregular brown lesions with darker margins on the lamina; scattered spots of varying size across the lamina. Recorded during the routine block walk.
IMG_8503_jpg.rf.6756df9c7f697eb936f8de9d3defea98.jpg,3,0,LEAF_BLIGHT,Field note: several leaves on the shoot showing the same pattern; scorched leaf edges that curl upward when dry; necrotic tissue with a narrow chlorotic halo. The block was pruned in the previous season.
IMG_8503_jpg.rf.6756df9c7f697eb936f8de9d3defea98.jpg,4,0,LEAF_BLIGHT,Field note: irregular brown lesions with darker margins on the lamina; several leaves on the shoot showing the same pattern; shoot tip wilting above the damaged zone. Recorded during the routine block walk.
IMG_8514_jpg.rf.190df00e687c09acbed2025bc3d84145.jpg,0,0,LEAF_BLIGHT,Plucking-round note: irregular brown lesions with darker margins on the lamina; older leaves more affected than the new growth; scattered spots of varying size across the lamina. Observed on the shaded side of the row.
IMG_8514_jpg.rf.190df00e687c09acbed2025bc3d84145.jpg,1,0,LEAF_BLIGHT,Plucking-round note: greyish-brown patches spreading inward from the leaf margin; lesions coalescing into large dry blighted areas. Humidity had been high for several days before the visit.
IMG_8514_jpg.rf.190df00e687c09acbed2025bc3d84145.jpg,2,0,LEAF_BLIGHT,Inspection entry: affected leaves drying from the tip backwards; marginal yellowing progressing to a dry brown rim; lesions coalescing into large dry blighted areas. The section borders an older unpruned block.
IMG_8515_jpg.rf.b20800d14067a84708287ac17cde35ac.jpg,0,3,LOOPER_CATERPILLARS,Field entry: several leaves on the shoot showing the same pattern; marginal yellowing progressing to a dry brown rim. Recorded during the routine block walk.
IMG_8564_jpg.rf.063125e5d9d941b5e0392045941e1211.jpg,0,0,LEAF_BLIGHT,Field entry: scattered spots of varying size across the lamina; damage concentrated on the younger flush; lesions coalescing into large dry blighted areas. Humidity had been high for several days before the visit.
IMG_8564_jpg.rf.063125e5d9d941b5e0392045941e1211.jpg,1,0,LEAF_BLIGHT,Scout record: discoloured patches of no consistent outline; shoot tip wilting above the damaged zone; lesions coalescing into large dry blighted areas. The block was pruned in the previous season.
IMG_8564_jpg.rf.063125e5d9d941b5e0392045941e1211.jpg,2,0,LEAF_BLIGHT,Plucking-round note: marginal yellowing progressing to a dry brown rim; irregular brown lesions with darker margins on the lamina; greyish-brown patches spreading inward from the leaf margin. Noted while assessing the plucking table.
IMG_8564_jpg.rf.063125e5d9d941b5e0392045941e1211.jpg,3,0,LEAF_BLIGHT,Plucking-round note: irregular brown lesions with darker margins on the lamina; discoloured patches of no consistent outline. Humidity had been high for several days before the visit.
IMG_8576_jpg.rf.7b572e7a64b86eb0472a74e1c0febd7a.jpg,0,3,LOOPER_CATERPILLARS,Plucking-round note: marginal yellowing progressing to a dry brown rim; greyish-brown patches spreading inward from the leaf margin; necrotic tissue with a narrow chlorotic halo. Temperature mild with intermittent rain in the preceding week.
IMG_8583_jpg.rf.cffb70a410b8859a0259d9a32a415202.jpg,0,3,LOOPER_CATERPILLARS,Field note: affected leaves drying from the tip backwards; necrotic tissue with a narrow chlorotic halo; greyish-brown patches spreading inward from the leaf margin. Sampled from the middle canopy of a mature bush.
IMG_8588_jpg.rf.c04fdf08dfad07060499d28be429e723.jpg,0,0,LEAF_BLIGHT,Block observation: concentric zonation visible within the older lesions; shoot tip wilting above the damaged zone; older leaves more affected than the new growth. Recorded during the routine block walk.
IMG_8593_JPG.rf.afa667fbfb4e499b06cfe87f4eaedca6.jpg,0,1,LEAF_HOPPERS,Inspection entry: damage concentrated on the younger flush; scorched leaf edges that curl upward when dry; discoloured patches of no consistent outline. Humidity had been high for several days before the visit.
IMG_8639_jpg.rf.ea0c60fce66984770704e03d70813c05.jpg,0,0,LEAF_BLIGHT,Field note: shoot tip wilting above the damaged zone; marginal yellowing progressing to a dry brown rim; greyish-brown patches spreading inward from the leaf margin. Observed on the shaded side of the row.
IMG_8639_jpg.rf.ea0c60fce66984770704e03d70813c05.jpg,1,3,LOOPER_CATERPILLARS,Field note: dark frass pellets caught in the leaf axils; affected leaves drying from the tip backwards; necrotic tissue with a narrow chlorotic halo. Sampled from the middle canopy of a mature bush.
IMG_8661_jpg.rf.2472717465dc55cb67db15dbad3d0e19.jpg,0,3,LOOPER_CATERPILLARS,Field note: discoloured patches of no consistent outline; marginal yellowing progressing to a dry brown rim; irregular holes through the lamina between the veins. Humidity had been high for several days before the visit.
IMG_8661_jpg.rf.2472717465dc55cb67db15dbad3d0e19.jpg,1,3,LOOPER_CATERPILLARS,Field note: scattered spots of varying size across the lamina; affected leaves drying from the tip backwards; dark frass pellets caught in the leaf axils. Leaf collected from second-flush material.
IMG_8661_jpg.rf.2472717465dc55cb67db15dbad3d0e19.jpg,2,3,LOOPER_CATERPILLARS,Field note: affected leaves drying from the tip backwards; marginal yellowing progressing to a dry brown rim; irregular brown lesions with darker margins on the lamina. Drainage in this part of the field is poor.
IMG_8661_jpg.rf.2472717465dc55cb67db15dbad3d0e19.jpg,3,3,LOOPER_CATERPILLARS,Field entry: scattered spots of varying size across the lamina; shoot tip wilting above the damaged zone. Temperature mild with intermittent rain in the preceding week.
IMG_8708_jpg.rf.283b21295e904bbbc6f1f8cc501a0069.jpg,0,3,LOOPER_CATERPILLARS,Scout record: marginal yellowing progressing to a dry brown rim; damage concentrated on the younger flush; irregular holes through the lamina between the veins. Temperature mild with intermittent rain in the preceding week.
IMG_8708_jpg.rf.283b21295e904bbbc6f1f8cc501a0069.jpg,1,3,LOOPER_CATERPILLARS,Field entry: discoloured patches of no consistent outline; irregular holes through the lamina between the veins; greyish-brown patches spreading inward from the leaf margin. The section borders an older unpruned block.
IMG_8710_jpg.rf.3d4f88b21bda296f2ca3ea998595ba64.jpg,0,3,LOOPER_CATERPILLARS,Block observation: greyish-brown patches spreading inward from the leaf margin; damage concentrated on the younger flush. Recorded during the routine block walk.
IMG_8710_jpg.rf.3d4f88b21bda296f2ca3ea998595ba64.jpg,1,3,LOOPER_CATERPILLARS,Inspection entry: shoot tip wilting above the damaged zone; discoloured patches of no consistent outline; affected leaves drying from the tip backwards. Noted while assessing the plucking table.
IMG_8727_jpg.rf.b3db0b2f09d66a0a3bb0188240c45ba4.jpg,0,3,LOOPER_CATERPILLARS,Scout record: irregular holes through the lamina between the veins; scorched leaf edges that curl upward when dry; older leaves more affected than the new growth. Temperature mild with intermittent rain in the preceding week.
IMG_8727_jpg.rf.b3db0b2f09d66a0a3bb0188240c45ba4.jpg,1,3,LOOPER_CATERPILLARS,Block observation: several leaves on the shoot showing the same pattern; older leaves more affected than the new growth; damage concentrated on the younger flush. Temperature mild with intermittent rain in the preceding week.
IMG_8736_jpg.rf.ead6320dcd533bf706df1cfac52f0431.jpg,0,3,LOOPER_CATERPILLARS,Field entry: greyish-brown patches spreading inward from the leaf margin; shoot tip wilting above the damaged zone; irregular holes through the lamina between the veins. Drainage in this part of the field is poor.
IMG_8736_jpg.rf.ead6320dcd533bf706df1cfac52f0431.jpg,1,3,LOOPER_CATERPILLARS,Field entry: dark frass pellets caught in the leaf axils; scorched leaf edges that curl upward when dry; older leaves more affected than the new growth. Sampled from the middle canopy of a mature bush.
IMG_8747_jpg.rf.5d18c1b7c9e233c29172f8e0ec0e97ac.jpg,0,3,LOOPER_CATERPILLARS,Scout record: several leaves on the shoot showing the same pattern; damage concentrated on the younger flush; necrotic tissue with a narrow chlorotic halo. Observed on the shaded side of the row.
IMG_8749_jpg.rf.97f86b8c22d18ccc78efc470a2903e9a.jpg,0,1,LEAF_HOPPERS,Plucking-round note: affected leaves drying from the tip backwards; greyish-brown patches spreading inward from the leaf margin; damage concentrated on the younger flush. Temperature mild with intermittent rain in the preceding week.
IMG_8757_jpg.rf.1be50dd0dc657048f87576e5e30f376f.jpg,0,0,LEAF_BLIGHT,Field note: irregular brown lesions with darker margins on the lamina; scattered spots of varying size across the lamina; discoloured patches of no consistent outline. The block was pruned in the previous season.
IMG_8781_jpg.rf.1d0eafe77c1ec412775c370b0c955d25.jpg,0,3,LOOPER_CATERPILLARS,Block observation: shoot tip wilting above the damaged zone; several leaves on the shoot showing the same pattern; necrotic tissue with a narrow chlorotic halo. Temperature mild with intermittent rain in the preceding week.
IMG_8786_JPG.rf.de160ef6a891b95d149514303c0d991e.jpg,0,4,MOSQUITO_BUG,Inspection entry: scorched leaf edges that curl upward when dry; sunken dark feeding punctures on the young shoot; scattered spots of varying size across the lamina. Leaf collected from second-flush material.
IMG_8788_jpg.rf.07ee5660301d4b40841130540eb2d165.jpg,0,2,LEAF_RUST,Inspection entry: damage concentrated on the younger flush; irregular brown lesions with darker margins on the lamina; orange to rust-red velvety growth on the affected patches. Sampled from the middle canopy of a mature bush.
IMG_8788_jpg.rf.07ee5660301d4b40841130540eb2d165.jpg,1,2,LEAF_RUST,Plucking-round note: discoloured patches of no consistent outline; orange to rust-red velvety growth on the affected patches; marginal yellowing progressing to a dry brown rim. The section borders an older unpruned block.
IMG_8788_jpg.rf.07ee5660301d4b40841130540eb2d165.jpg,2,2,LEAF_RUST,Block observation: damage concentrated on the younger flush; orange to rust-red velvety growth on the affected patches; older leaves more affected than the new growth. Recorded during the routine block walk.
IMG_8788_jpg.rf.07ee5660301d4b40841130540eb2d165.jpg,3,2,LEAF_RUST,Field entry: discoloured patches of no consistent outline; irregular brown lesions with darker margins on the lamina. Humidity had been high for several days before the visit.
IMG_8790_jpg.rf.7a9facf4131ae451456b67112970fa74.jpg,0,3,LOOPER_CATERPILLARS,Block observation: necrotic tissue with a narrow chlorotic halo; scattered spots of varying size across the lamina. Drainage in this part of the field is poor.
IMG_8803_JPG.rf.911c35732240cae7d06da2a38d87d988.jpg,0,4,MOSQUITO_BUG,Scout record: affected leaves drying from the tip backwards; corky brown scars where earlier punctures have healed. Temperature mild with intermittent rain in the preceding week.
IMG_8814_JPG.rf.a6b13a6c68a0024352208e685e986a7c.jpg,0,4,MOSQUITO_BUG,Field entry: affected leaves drying from the tip backwards; sunken dark feeding punctures on the young shoot; shoot tip wilting above the damaged zone. The block was pruned in the previous season.
IMG_8836_JPG.rf.cae1a056495be4d3c709652aab1da696.jpg,0,4,MOSQUITO_BUG,Block observation: scattered spots of varying size across the lamina; greyish-brown patches spreading inward from the leaf margin; sunken dark feeding punctures on the young shoot. The block was pruned in the previous season.
IMG_8836_JPG.rf.cae1a056495be4d3c709652aab1da696.jpg,1,4,MOSQUITO_BUG,Plucking-round note: several leaves on the shoot showing the same pattern; damage concentrated on the younger flush; scattered spots of varying size across the lamina. Temperature mild with intermittent rain in the preceding week.
IMG_8848_jpg.rf.ef564c81fcf5258d80aca5ec4b21c1c0.jpg,0,3,LOOPER_CATERPILLARS,Plucking-round note: discoloured patches of no consistent outline; older leaves more affected than the new growth. Humidity had been high for several days before the visit.
IMG_8862_jpg.rf.f1c88aa4e427633cbad6349d4a25a784.jpg,0,3,LOOPER_CATERPILLARS,Block observation: older leaves more affected than the new growth; shoot tip wilting above the damaged zone; greyish-brown patches spreading inward from the leaf margin. Sampled from the middle canopy of a mature bush.
IMG_8868_JPG.rf.ba01587b6e0f554d3bc6ca21e9860d8b.jpg,0,4,MOSQUITO_BUG,Plucking-round note: discoloured patches of no consistent outline; sunken dark feeding punctures on the young shoot. Temperature mild with intermittent rain in the preceding week.
IMG_8873_jpg.rf.96e3472eaa2605f30b31d55e999bb5f4.jpg,0,3,LOOPER_CATERPILLARS,Field entry: older leaves more affected than the new growth; affected leaves drying from the tip backwards; chewed leaf margins with irregular notches. Drainage in this part of the field is poor.
IMG_8873_jpg.rf.96e3472eaa2605f30b31d55e999bb5f4.jpg,1,3,LOOPER_CATERPILLARS,Block observation: scattered spots of varying size across the lamina; necrotic tissue with a narrow chlorotic halo. Humidity had been high for several days before the visit.
IMG_8879_JPG.rf.ae6bafc01749845500da1b5750ebbd14.jpg,0,4,MOSQUITO_BUG,Scout record: discoloured patches of no consistent outline; irregular brown lesions with darker margins on the lamina; corky brown scars where earlier punctures have healed. The block was pruned in the previous season.
IMG_8886_JPG.rf.cd486a2d74b99ef5b7d640cb50833743.jpg,0,4,MOSQUITO_BUG,Inspection entry: affected leaves drying from the tip backwards; damage concentrated on the younger flush; several leaves on the shoot showing the same pattern. Humidity had been high for several days before the visit.
IMG_8901_JPG.rf.0a29fdd07dc2681c6fca99599136faab.jpg,0,4,MOSQUITO_BUG,Block observation: marginal yellowing progressing to a dry brown rim; sunken dark feeding punctures on the young shoot. The block was pruned in the previous season.
IMG_8910_jpg.rf.02d539881f823f2f5a44b5713caf2251.jpg,0,0,LEAF_BLIGHT,Plucking-round note: damage concentrated on the younger flush; shoot tip wilting above the damaged zone. Drainage in this part of the field is poor.
IMG_8917_jpg.rf.b6ba69ccacc50349998d50a145933d8c.jpg,0,1,LEAF_HOPPERS,Field entry: scattered spots of varying size across the lamina; small wedge-shaped insects disturbed from the underside on handling; discoloured patches of no consistent outline. The section borders an older unpruned block.
IMG_8948_JPG.rf.15376fa040c78e39d9bd7da41712e1f2.jpg,0,4,MOSQUITO_BUG,Inspection entry: scorched leaf edges that curl upward when dry; greyish-brown patches spreading inward from the leaf margin; several leaves on the shoot showing the same pattern. Observed on the shaded side of the row.
