image,whole_image_class,whole_sim,num_crops,crop_summary
100_jpg.rf.14fa87ff511c6790858ccbc03bf10be6.jpg,Looper Caterpillar,0.4608,2,id3->Leaf-Hopper(0.576); id2->Leaf-Hopper(0.563)
107_jpg.rf.9c0264c78b1f4dfff87adea98349df8b.jpg,Leaf-Hopper,0.5425,2,id2->Looper Caterpillar(0.604); id2->Leaf-Hopper(0.510)
11_jpg.rf.c2fdfa5777e0527fd7fd2292e51a896a.jpg,Leaf-Hopper,0.4694,2,id3->Leaf-Hopper(0.575); id3->Leaf-Hopper(0.579)
121_jpg.rf.ab585552a4145906dbdce2bc02a016ce.jpg,Leaf-blight,0.3777,2,id0->Leaf-Hopper(0.403); id0->Leaf-Hopper(0.506)
12_jpg.rf.ccb27c583cbe7cb7dbc6d9ddbb45d307.jpg,Leaf-Hopper,0.456,1,id2->Leaf-Hopper(0.545)
131_jpg.rf.165468b77bd7d0a07c9e9f8b76e9c465.jpg,Looper Caterpillar,0.4784,2,id0->Leaf-Hopper(0.492); id0->Leaf-Hopper(0.516)
133_jpg.rf.c96fa521c1eec792a6d2f7c8e2865e0b.jpg,Leaf-Hopper,0.5107,2,id0->Leaf-blight(0.478); id0->Looper Caterpillar(0.398)
134_jpg.rf.6a2263efa78d5f94b5c49afacbc2ccc0.jpg,Leaf-Hopper,0.4762,2,id3->Leaf-Hopper(0.554); id3->Leaf-Hopper(0.529)
148_jpg.rf.efc3744194c4eba08a20cf4916271426.jpg,Leaf-Hopper,0.5243,1,id3->Leaf-Hopper(0.545)
158_jpg.rf.1080ecbeb37f6e24c47023105c1aedaa.jpg,Looper Caterpillar,0.5064,2,id0->Leaf-Hopper(0.557); id2->Leaf-Hopper(0.554)
161_jpg.rf.10a43a745af2297624281f2bb68cb61a.jpg,Leaf-Hopper,0.4312,1,id3->Leaf-Hopper(0.555)
166_jpg.rf.b7b6100902742c9d1a47195e12f41189.jpg,Leaf-Hopper,0.5276,1,id1->Leaf-Hopper(0.555)
171_jpg.rf.529e8b62ab8acb20ea3c2b25e209ffc7.jpg,Leaf-Hopper,0.579,2,id3->Leaf-Hopper(0.567); id3->Leaf-Hopper(0.627)
174_jpg.rf.51c7b0e65d30a9fcc6c8256a9a1a299d.jpg,Leaf-Hopper,0.5731,1,id1->Leaf-Hopper(0.568)
176_jpg.rf.22c6639b34be422c6e74812048a8e199.jpg,Looper Caterpillar,0.5901,1,id0->Looper Caterpillar(0.553)
179_jpg.rf.38923227f6f2518ea7f9372aa6fcaa0b.jpg,Looper Caterpillar,0.4767,2,id0->Looper Caterpillar(0.599); id0->Looper Caterpillar(0.552)
195_jpg.rf.b2f97109c9e2d5652e036a4d3a9c2816.jpg,Looper Caterpillar,0.4648,1,id0->Leaf Rust(0.502)
1_jpg.rf.e83e207fa2a3ec5a65f9d9f5cbfaac3a.jpg,Leaf-Hopper,0.4362,4,id3->Leaf-Hopper(0.595); id0->Looper Caterpillar(0.442); id0->Leaf-Hopper(0.524); id0->Looper Caterpillar(0.457)
202_jpg.rf.14df16a500394d0889ea7be2ca2277ca.jpg,Leaf-Hopper,0.3409,1,id0->Leaf-Hopper(0.464)
219_jpg.rf.efaa45291ba0a03e4c1e7d1cf637d259.jpg,Leaf-Hopper,0.6072,2,id3->Leaf-Hopper(0.564); id3->Leaf-Hopper(0.490)
221_jpg.rf.018ee71046060f98063487d4c30eb68d.jpg,Leaf-Hopper,0.5257,3,id2->Leaf-Hopper(0.546); id3->Leaf-Hopper(0.545); id2->Leaf-Hopper(0.551)
225_jpg.rf.64509b43824423881ac2fb1391de7c06.jpg,Leaf-Hopper,0.3819,8,id2->Leaf-Hopper(0.532); id2->Looper Caterpillar(0.390); id0->Leaf-Hopper(0.354); id2->Leaf-Hopper(0.516); id2->Leaf Rust(0.399); id2->Leaf-Hopper(0.506); id2->Leaf-Hopper(0.460); id0->Leaf-Hopper(0.449)
22_jpg.rf.b563c170f475a98253e29e444debeaf9.jpg,Leaf-Hopper,0.4481,1,id4->Leaf-Hopper(0.425)
232_jpg.rf.b661ff5ef1a851ca667b582b38a2f730.jpg,Leaf-Hopper,0.4836,2,id2->Leaf Rust(0.552); id0->Leaf Rust(0.542)
239_jpg.rf.4a88c11b21478e901d7751b9c8f82093.jpg,Looper Caterpillar,0.5495,2,id3->Looper Caterpillar(0.571); id0->Leaf-Hopper(0.557)
246_jpg.rf.1213826e3cca77475ee465052bae47ad.jpg,Leaf-Hopper,0.5025,1,id3->Leaf-Hopper(0.581)
249_jpg.rf.3ce7b97ed827dbddab462c65972c87ce.jpg,Leaf-Hopper,0.5978,1,id3->Leaf-Hopper(0.619)
262_jpg.rf.533171c56729f4edc18270dabf6f5b68.jpg,Leaf Rust,0.5248,1,id0->Leaf Rust(0.523)
265_jpg.rf.ca0be0e93b6af8eba3d6bd571eab3f79.jpg,Leaf-Hopper,0.5036,1,id0->Leaf Rust(0.529)
26_jpg.rf.e69178fb28afcbd15a901a3652fa4d24.jpg,Leaf-Hopper,0.4787,1,id3->Leaf-Hopper(0.544)
279_jpg.rf.ef8336b45e3d5f0923e52ade722b7a05.jpg,Leaf-Hopper,0.5412,2,id2->Leaf-Hopper(0.538); id2->Looper Caterpillar(0.497)
27_jpg.rf.69fff94b82a04306ad8cd11ec113575b.jpg,Leaf-Hopper,0.4871,1,id0->Leaf-Hopper(0.490)
282_jpg.rf.3046552d8409576d0aaa715673b83db5.jpg,Leaf-Hopper,0.4323,3,id3->Leaf-Hopper(0.534); id2->Leaf-Hopper(0.558); id2->Leaf-Hopper(0.500)
285_jpg.rf.b23dbace94f0952651c6824915a00814.jpg,Leaf-Hopper,0.4104,3,id0->Leaf Rust(0.479); id2->Leaf-Hopper(0.528); id2->Leaf-Hopper(0.556)
331_jpg.rf.24a79ee8141b88eb80f72edf099bbe5e.jpg,Leaf-Hopper,0.5123,2,id3->Leaf-Hopper(0.582); id3->Leaf-Hopper(0.515)
351_jpg.rf.f7ac082366b33fe538ae95ffb1c04c9f.jpg,Looper Caterpillar,0.4673,6,id3->Looper Caterpillar(0.420); id0->Looper Caterpillar(0.412); id0->Looper Caterpillar(0.544); id3->Looper Caterpillar(0.532); id3->Leaf-Hopper(0.406); id0->Leaf-Hopper(0.432)
359_jpg.rf.93bb2304d05004ab3048fe5079ac622f.jpg,Leaf-Hopper,0.3785,5,id0->Leaf-Hopper(0.556); id0->Leaf-Hopper(0.412); id0->Leaf-Hopper(0.301); id0->Looper Caterpillar(0.552); id0->Leaf-Hopper(0.526)
364_jpg.rf.7f6c9600c49af83d37e13d333d8c1eca.jpg,Leaf-Hopper,0.4443,4,id0->Leaf-blight(0.415); id0->Looper Caterpillar(0.498); id0->Leaf-Hopper(0.274); id0->Leaf-Hopper(0.278)
367_jpg.rf.7433d03d70d383cb91830e4b2bf60911.jpg,Looper Caterpillar,0.3059,2,id0->Leaf-blight(0.352); id0->Leaf-Hopper(0.357)
369_jpg.rf.5dd2edbd0057e2eb32a306c00f8361b5.jpg,Leaf-Hopper,0.3564,1,id0->Leaf-Hopper(0.573)
373_jpg.rf.9047ce78879859dca2a748770243f3f1.jpg,Leaf-Hopper,0.5024,4,id0->Leaf-Hopper(0.470); id0->Leaf-Hopper(0.539); id0->Leaf-Hopper(0.368); id0->Leaf-Hopper(0.481)
380_jpg.rf.ae140e24e98145b54b16cb1e1298a35a.jpg,Looper Caterpillar,0.5977,1,id0->Leaf-Hopper(0.537)
386_jpg.rf.9a65053864eb53e03cf55ef87b7af62d.jpg,Leaf-Hopper,0.4823,5,id0->Leaf-Hopper(0.471); id0->Leaf-Hopper(0.477); id0->Looper Caterpillar(0.463); id3->Looper Caterpillar(0.475); id0->Leaf-Hopper(0.460)
387_jpg.rf.7491bbbc65af744c81982a986a793297.jpg,Looper Caterpillar,0.397,3,id0->Leaf-Hopper(0.510); id0->Leaf-Hopper(0.569); id2->Leaf-Hopper(0.430)
388_jpg.rf.5eae3b30e4994eb8766bb267981125a1.jpg,Looper Caterpillar,0.4263,5,id0->Leaf Rust(0.527); id2->Leaf-Hopper(0.510); id0->Looper Caterpillar(0.441); id0->Looper Caterpillar(0.485); id0->Looper Caterpillar(0.466)
39_jpg.rf.2aa68b194530e4391a84e4ad0147e0a2.jpg,Leaf-Hopper,0.4702,2,id1->Leaf-Hopper(0.440); id1->Leaf-Hopper(0.556)
400_jpg.rf.6b9e448934ba1a91a3a1bce36469e8b1.jpg,Leaf-Hopper,0.4407,1,id2->Leaf-Hopper(0.434)
402_jpg.rf.d51237d925cd37819180c5e13e3a6e48.jpg,Leaf-Hopper,0.5319,2,id4->Leaf-Hopper(0.487); id4->Leaf-Hopper(0.510)
403_jpg.rf.004fb8c6273b7f12a402a72c736c6b36.jpg,Leaf-Hopper,0.5385,1,id3->Leaf-Hopper(0.590)
405_jpg.rf.c96985c1be19d0b3e8d8cde7b264b9eb.jpg,Leaf-Hopper,0.4006,1,id3->Leaf-Hopper(0.411)
409_jpg.rf.c79571e6fe5518fa6aa92563871dd6c9.jpg,Leaf-Hopper,0.4484,1,id2->Leaf-Hopper(0.536)
412_jpg.rf.eb0bfa4d285bdea5391c66203177de00.jpg,Leaf-Hopper,0.4532,1,id3->Leaf-Hopper(0.464)
414_jpg.rf.623507042c53c9d4ebc39e1548d3f5e9.jpg,Leaf-Hopper,0.4157,4,id2->Leaf Rust(0.495); id2->Leaf Rust(0.439); id0->Leaf Rust(0.430); id3->Leaf Rust(0.424)
41_jpg.rf.6de717237b5053a98d9254e7495c37b4.jpg,Leaf-Hopper,0.4649,4,id0->Looper Caterpillar(0.532); id3->Looper Caterpillar(0.544); id0->Looper Caterpillar(0.475); id0->Leaf-Hopper(0.566)
424_jpg.rf.a5d5314d7ac92df66cb03342d47f2cb6.jpg,Leaf-Hopper,0.4648,1,id3->Leaf-Hopper(0.479)
448_jpg.rf.61136c46f75c49655ffac20a7891ec97.jpg,Leaf-Hopper,0.4843,5,id3->Looper Caterpillar(0.449); id0->Looper Caterpillar(0.481); id3->Leaf-Hopper(0.510); id0->Leaf-Hopper(0.521); id3->Leaf-Hopper(0.489)
45_jpg.rf.fa5fbfcd48731b06be3a2de3244bca6b.jpg,Leaf-Hopper,0.5501,1,id3->Leaf-Hopper(0.581)
466_jpg.rf.2bf226b9df9e2d1f5e57c7479839159a.jpg,Looper Caterpillar,0.4689,1,id0->Leaf-Hopper(0.546)
467_jpg.rf.9a8ad7ca8260a70159737ccd9a3c1137.jpg,Looper Caterpillar,0.5519,2,id0->Looper Caterpillar(0.517); id3->Looper Caterpillar(0.531)
47_jpg.rf.73508c82b65be16613c1277b5cccea3d.jpg,Leaf-Hopper,0.5129,4,id3->Leaf-Hopper(0.560); id3->Looper Caterpillar(0.554); id0->Looper Caterpillar(0.571); id0->Leaf-blight(0.397)
480_jpg.rf.9784523e137722d1fd72708d40128e95.jpg,Leaf-Hopper,0.4967,1,id3->Leaf-Hopper(0.510)
487_jpg.rf.e819b2114fc8d079d3d5833f0da07cc5.jpg,Leaf-Hopper,0.4173,2,id3->Leaf-Hopper(0.618); id3->Leaf-Hopper(0.572)
506_jpg.rf.12f1de229bed6d594eb8781e64e4873e.jpg,Leaf-Hopper,0.4134,2,id0->Looper Caterpillar(0.429); id0->Leaf-Hopper(0.421)
50_jpg.rf.b95d4c7065ae41c2cc64f77b3f2aa247.jpg,Looper Caterpillar,0.4046,1,id0->Looper Caterpillar(0.520)
515_jpg.rf.5f392730cac28feff733ac5b3cca72da.jpg,Leaf-Hopper,0.404,2,id0->Looper Caterpillar(0.503); id0->Looper Caterpillar(0.473)
520_jpg.rf.ebd7c142286cf0b3139636e76c4234f1.jpg,Leaf-Hopper,0.5481,5,id3->Leaf-Hopper(0.542); id3->Leaf-Hopper(0.414); id3->Leaf-Hopper(0.435); id3->Leaf-Hopper(0.469); id3->Leaf-Hopper(0.504)
531_jpg.rf.6d19830c7827e061abf03e79dfa45242.jpg,Leaf-Hopper,0.4835,1,id3->Leaf-Hopper(0.514)
539_jpg.rf.526cac67e7de8c329ff55ee3aa35e475.jpg,Leaf-Hopper,0.3794,3,id3->Leaf-Hopper(0.465); id3->Leaf-Hopper(0.376); id3->Leaf-Hopper(0.464)
543_jpg.rf.0e0442a742630b65997ca3df37e79171.jpg,Leaf-Hopper,0.5077,3,id3->Leaf-Hopper(0.560); id3->Leaf-Hopper(0.682); id3->Leaf-Hopper(0.550)
54_jpg.rf.5fe58d30ddd3fde8be4700c1b6777b2f.jpg,Looper Caterpillar,0.5258,1,id0->Looper Caterpillar(0.538)
552_jpg.rf.341af952d6d5a389dff1bb3949103272.jpg,Leaf-Hopper,0.4086,3,id3->Leaf-Hopper(0.580); id3->Leaf-Hopper(0.538); id3->Leaf-Hopper(0.542)
553_jpg.rf.5e62d47457d6dc9c7570fdb098bbd828.jpg,Leaf-Hopper,0.5014,1,id0->Leaf-Hopper(0.581)
564_jpg.rf.97513e79386b4843de3f18f3099f62e1.jpg,Leaf-Hopper,0.2707,2,id0->Leaf Rust(0.474); id2->Leaf Rust(0.454)
567_jpg.rf.f7b3a1d0e79660f7a3d78e295687f9c6.jpg,Looper Caterpillar,0.5184,2,id0->Leaf-Hopper(0.514); id0->Leaf-Hopper(0.440)
568_jpg.rf.65e5838ccac00268522e50c452baad0f.jpg,Looper Caterpillar,0.5433,5,id0->Looper Caterpillar(0.571); id2->Looper Caterpillar(0.574); id3->Looper Caterpillar(0.577); id0->Leaf-Hopper(0.531); id2->Leaf-Hopper(0.520)
569_jpg.rf.109573ff6acb2230cc240fb55864c56e.jpg,Looper Caterpillar,0.4773,1,id0->Leaf-Hopper(0.485)
580_jpg.rf.c214a7a95c6b9eddb2c39232a2dbf7b9.jpg,Leaf-Hopper,0.428,6,id2->Leaf Rust(0.438); id3->Looper Caterpillar(0.493); id2->Leaf Rust(0.256); id2->Looper Caterpillar(0.446); id3->Looper Caterpillar(0.462); id0->Looper Caterpillar(0.430)
588_jpg.rf.68d2b269703b3010763b920caa4ee89a.jpg,Leaf-Hopper,0.3946,1,id2->Leaf Rust(0.506)
596_jpg.rf.236d96da50ec6bbea83263c67fc929b2.jpg,Leaf-Hopper,0.4983,5,id2->Leaf-Hopper(0.488); id3->Leaf-Hopper(0.516); id3->Leaf Rust(0.542); id2->Leaf Rust(0.540); id2->Leaf-Hopper(0.455)
5_jpg.rf.e58495de274e2d8d4e62587e73db7f5e.jpg,Leaf-Hopper,0.4253,2,id0->Leaf-Hopper(0.437); id3->Leaf-Hopper(0.442)
607_jpg.rf.6df1653afc50b9d0d1af8b62470adfec.jpg,Looper Caterpillar,0.5431,2,id3->Leaf-Hopper(0.628); id3->Looper Caterpillar(0.537)
68_jpg.rf.e7294d4fac411371df3144a61bcacc0e.jpg,Leaf-Hopper,0.5992,2,id0->Leaf Rust(0.577); id3->Leaf Rust(0.572)
80_jpg.rf.57f0b5175a4aa0b217b5fa8f69962546.jpg,Leaf-Hopper,0.5243,1,id1->Leaf-Hopper(0.580)
86_jpg.rf.0db4a80b5735c8cc23f6a4b239c632ae.jpg,Looper Caterpillar,0.4943,1,id0->Looper Caterpillar(0.557)
94_jpg.rf.3c3b013186ee2eb6f11d63f9a9ccd690.jpg,Leaf-Hopper,0.4333,1,id3->Leaf-Hopper(0.620)
IMG_0347_JPG_jpg.rf.de6c525446575a4ece45b125296856de.jpg,Leaf-Hopper,0.5625,2,id4->Leaf-Hopper(0.554); id4->Mosquito bug(0.502)
IMG_0429_jpg.rf.51bfb43d724982812763f5dec8420dc2.jpg,Leaf-Hopper,0.4654,1,id0->Leaf-Hopper(0.510)
IMG_07_jpeg.rf.4fade831d10a1f12ec2c0890dc0d2d82.jpg,Leaf-Hopper,0.4925,2,id0->Leaf-Hopper(0.448); id0->Looper Caterpillar(0.473)
IMG_0833_JPG_jpg.rf.323506f411908a12b2956e82d3e76af5.jpg,Leaf-Hopper,0.4893,1,id2->Leaf-Hopper(0.517)
IMG_1201_JPG_jpg.rf.af2eb463b3b85ff988406b38b025840d.jpg,Leaf-Hopper,0.4865,1,id4->Leaf-Hopper(0.578)
IMG_1401_JPG_jpg.rf.6658314bb01414540c2590a1d63bf9bd.jpg,Leaf-Hopper,0.5279,1,id4->Leaf-Hopper(0.508)
IMG_1454_JPG_jpg.rf.893e68d7fbf9c73138ae08d3d8fbc948.jpg,Leaf-Hopper,0.5331,3,id4->Leaf-blight(0.389); id4->Leaf-Hopper(0.581); id4->Leaf-Hopper(0.455)
IMG_1460_JPG_jpg.rf.b19cd97e2c8e2961a8c6cb1cb24352cc.jpg,Leaf-Hopper,0.476,1,id4->Leaf-blight(0.396)
IMG_1538_JPG_jpg.rf.d8f4443372807660075619ea2daabaeb.jpg,Leaf-Hopper,0.5054,1,id4->Leaf-Hopper(0.386)
IMG_15_04_jpeg.rf.3511e3d889ff1f917bb7614d82030909.jpg,Leaf-Hopper,0.3208,3,id0->Leaf-Hopper(0.369); id0->Leaf-Hopper(0.330); id0->Leaf-Hopper(0.407)
IMG_15_09_jpeg.rf.70195fe0f70d0e2113a4ef47817bcf3b.jpg,Leaf-Hopper,0.405,3,id3->Leaf-Hopper(0.471); id3->Leaf-Hopper(0.394); id3->Leaf-Hopper(0.497)
IMG_15_14_jpeg.rf.cfdca06be6df3c7d49e3b3d98c935a05.jpg,Leaf-Hopper,0.4108,1,id0->Looper Caterpillar(0.556)
IMG_15_18_jpeg.rf.68243cab6d57a72d821f06e2911aaca0.jpg,Leaf-Hopper,0.457,1,id2->Leaf-Hopper(0.526)
IMG_15_23_jpeg.rf.e208f698cca4e4d7f9e335b1b65d0a4d.jpg,Leaf-Hopper,0.5066,2,id3->Looper Caterpillar(0.615); id3->Leaf-Hopper(0.593)
IMG_15_jpeg.rf.c98ad1c650db78340c2b48b38d12a775.jpg,Leaf-Hopper,0.3971,1,id0->Leaf-Hopper(0.483)
IMG_20230612_152611_jpg.rf.dd2930ae2b4ae5eb6fe3bb3607deb274.jpg,Leaf-Hopper,0.5446,1,id2->Leaf-Hopper(0.595)
IMG_20230612_154227_jpg.rf.8fce569a11cb951ac0ea8f8a9ed7656f.jpg,Leaf-Hopper,0.5947,4,id2->Leaf-Hopper(0.616); id2->Leaf-Hopper(0.618); id2->Leaf-Hopper(0.597); id2->Leaf-Hopper(0.547)
IMG_20230612_154254_jpg.rf.bd8019f8d572ece99fa5851f3da90ae2.jpg,Looper Caterpillar,0.5642,1,id0->Leaf-Hopper(0.534)
IMG_20230612_154300_jpg.rf.45f70ffc92df648a7f0524abf0f79c04.jpg,Looper Caterpillar,0.5138,1,id0->Leaf-Hopper(0.554)
IMG_20230612_155121_jpg.rf.aaadda0aa5c2ccd9cbf388d08b29468b.jpg,Leaf-Hopper,0.5443,1,id2->Leaf-Hopper(0.545)
IMG_20230612_155953_jpg.rf.06e23caa299d0f127db2c2dc845e7706.jpg,Leaf-Hopper,0.5309,1,id2->Leaf Rust(0.586)
IMG_20230612_160342_jpg.rf.06208f8783b7758c2928e95c474627f9.jpg,Looper Caterpillar,0.6294,2,id2->Leaf-Hopper(0.488); id0->Leaf-Hopper(0.554)
IMG_20230612_160945_jpg.rf.92ea29c0b5a59326062c2e1c1599240f.jpg,Leaf-Hopper,0.5814,1,id0->Leaf-Hopper(0.577)
IMG_20230612_161120_jpg.rf.7e517fb0460f8edf4f1254c9aad638c2.jpg,Looper Caterpillar,0.5323,2,id2->Looper Caterpillar(0.553); id2->Leaf-Hopper(0.469)
IMG_20230612_161606_jpg.rf.d8cf7baeaf657a78f4141fa562188d79.jpg,Leaf-Hopper,0.4496,1,id0->Leaf-Hopper(0.533)
IMG_20230612_161957_jpg.rf.82a5a0c221c10529487b23b82dc12b8d.jpg,Leaf-Hopper,0.5973,2,id2->Leaf Rust(0.582); id2->Leaf-Hopper(0.431)
IMG_20230612_162542_jpg.rf.dccb0872097d9302a9b22456d1298a08.jpg,Leaf-Hopper,0.5672,1,id2->Leaf-Hopper(0.601)
IMG_20230612_164136_jpg.rf.15ee0cf2ebeec7d9e5750b5c3a1e3fa0.jpg,Leaf-Hopper,0.5697,1,id0->Leaf-Hopper(0.569)
IMG_20230612_164703_jpg.rf.5f92245e3a0fa9f85bbc6fd4c287ccaa.jpg,Leaf-Hopper,0.5472,1,id2->Leaf-Hopper(0.559)
IMG_20230612_165931_jpg.rf.661f952e93cdd24a9fa87b7d23961a32.jpg,Looper Caterpillar,0.548,2,id2->Leaf-Hopper(0.568); id2->Leaf-Hopper(0.603)
IMG_20230612_171506_jpg.rf.b1d41c10140869660bfa2bc3cb111dea.jpg,Leaf-Hopper,0.5803,1,id2->Leaf-Hopper(0.563)
IMG_20230612_171649_jpg.rf.2666aec2f144deb86b46990537e67e24.jpg,Leaf-Hopper,0.5944,1,id2->Leaf-Hopper(0.585)
IMG_20230612_172416_jpg.rf.565a2055e84b173c6c06b5e48812951a.jpg,Leaf-Hopper,0.6286,1,id2->Leaf-Hopper(0.619)
IMG_20230612_172840_jpg.rf.6265dc6eaa69bb36221ed890006f2f96.jpg,Leaf Rust,0.6047,1,id2->Leaf Rust(0.560)
IMG_20230624_101122_jpg.rf.5eaec8974e8cc02272c1df4a2ac66ff5.jpg,Leaf-Hopper,0.5514,1,id0->Leaf-Hopper(0.548)
IMG_20230624_101122_jpg.rf.8e32454ba74e53d7d28ef261055988d0.jpg,Leaf-Hopper,0.5704,3,id0->Leaf-Hopper(0.521); id0->Leaf-Hopper(0.621); id2->Looper Caterpillar(0.517)
IMG_20230624_105052_jpg.rf.d9a21c29ee311de35cd9337b7db44d6d.jpg,Looper Caterpillar,0.5464,1,id2->Looper Caterpillar(0.533)
IMG_20230624_162153_jpg.rf.3e5250cad55d240bf9234f830c0993f1.jpg,Leaf-Hopper,0.4535,1,id0->Leaf-Hopper(0.525)
IMG_20230624_162157_jpg.rf.2b3bbe7b3e12094e390176d99e30400c.jpg,Leaf-Hopper,0.4835,1,id0->Leaf-Hopper(0.530)
IMG_20230624_162956_jpg.rf.952142da0685803b28993c3d90e627b9.jpg,Looper Caterpillar,0.5915,1,id0->Looper Caterpillar(0.588)
IMG_20230624_163513_jpg.rf.ad80359bd27f008d79ad83ac2a05ddbc.jpg,Leaf-Hopper,0.5729,1,id2->Looper Caterpillar(0.584)
IMG_20230624_163929_jpg.rf.ef8b79d7a82a38b04450f127d302b540.jpg,Looper Caterpillar,0.6044,1,id2->Leaf-Hopper(0.608)
IMG_20230624_164326_jpg.rf.18c1a39ae9582263e248be3b595a226a.jpg,Leaf-Hopper,0.5008,1,id2->Leaf-Hopper(0.570)
IMG_20250318_152151_jpg.rf.08b8e00fd0b43aad09c825e2f6c94db0.jpg,Leaf-Hopper,0.5854,3,id4->Leaf-Hopper(0.464); id4->Leaf-Hopper(0.520); id4->Leaf-Hopper(0.500)
IMG_20250319_131043_jpg.rf.b14cc14c21ffb25cb98c53ef564ff797.jpg,Leaf-Hopper,0.4855,2,id4->Looper Caterpillar(0.528); id4->Leaf-Hopper(0.471)
IMG_20250319_131402_jpg.rf.c2a6dd321a59347ce12f462a1df72cf5.jpg,Leaf-Hopper,0.574,2,id4->Leaf-blight(0.469); id4->Leaf-Hopper(0.498)
IMG_20250319_132117_jpg.rf.b7cb89c2664d8aa24229a54e68bd5de9.jpg,Leaf-Hopper,0.5187,1,id4->Leaf-Hopper(0.547)
IMG_20250320_150048_jpg.rf.3eddcee4af4eed354b79bf80183b559a.jpg,Looper Caterpillar,0.4977,1,id4->Looper Caterpillar(0.474)
IMG_20250320_150436_jpg.rf.ed5fdfdf2b35bef601f9197841881aac.jpg,Leaf-Hopper,0.5394,2,id4->Leaf-Hopper(0.595); id4->Leaf-Hopper(0.460)
IMG_20250320_150537_jpg.rf.ac683f270d74a2c76a9962a4972f999b.jpg,Leaf-Hopper,0.4706,1,id4->Leaf-blight(0.421)
IMG_20250320_150827_jpg.rf.926e156b3091e045b54d9711b242d416.jpg,Leaf-Hopper,0.6564,1,id4->Leaf-Hopper(0.473)
IMG_20250320_150927_jpg.rf.3069b53a038a295e080acd10708ddff6.jpg,Leaf-Hopper,0.5985,1,id4->Leaf-Hopper(0.560)
IMG_20250320_151108_jpg.rf.c76872ab6c054ff2cc17954f9474c4e3.jpg,Mosquito bug,0.4648,2,id4->Mosquito bug(0.466); id4->Mosquito bug(0.383)
IMG_20250320_151422_jpg.rf.e83c35293eef3911ba86a21f0d8d1b5b.jpg,Leaf-Hopper,0.6615,1,id4->Looper Caterpillar(0.658)
IMG_20250320_153222_jpg.rf.05c717e3cb4c003335804c9066dca8dd.jpg,Looper Caterpillar,0.5701,2,id4->Looper Caterpillar(0.584); id4->Leaf-Hopper(0.441)
IMG_20250320_153648_jpg.rf.38757d13867f324f85065afe9c36d339.jpg,Leaf-Hopper,0.6042,1,id4->Leaf Rust(0.413)
IMG_20250320_154042_jpg.rf.2967721c07c8a01bbd60e64571d725ae.jpg,Looper Caterpillar,0.5769,1,id4->Looper Caterpillar(0.543)
IMG_20250320_154208_jpg.rf.0aa927c5039862413524c4490da8e6d3.jpg,Leaf-Hopper,0.6033,1,id4->Leaf-Hopper(0.513)
IMG_20250320_154437_jpg.rf.68caf3c603aa5c7e6a3ad7a13910c70e.jpg,Leaf-Hopper,0.6783,1,id4->Leaf-Hopper(0.646)
IMG_20250320_154607_jpg.rf.6e3eb3df84d4683a8da046169fc8fe39.jpg,Leaf-blight,0.5059,3,id4->Leaf-Hopper(0.432); id4->Leaf Rust(0.495); id4->Looper Caterpillar(0.495)
IMG_20250320_154750_jpg.rf.96df03f4296d5303b3237bce593a96f4.jpg,Leaf-Hopper,0.5438,1,id4->Leaf-Hopper(0.570)
IMG_20250320_155115_jpg.rf.9c5083cbd94e916e6a9c28891c82d04a.jpg,Leaf-Hopper,0.5601,1,id4->Looper Caterpillar(0.500)
IMG_20250320_155736_jpg.rf.a70bc3cd531d3016785bec90c5599fb6.jpg,Looper Caterpillar,0.563,2,id4->Looper Caterpillar(0.563); id4->Leaf-Hopper(0.474)
IMG_20250321_115433_jpg.rf.44cf88824f9100bdaadcad95dfd5bfce.jpg,Leaf-Hopper,0.5428,1,id4->Leaf-Hopper(0.664)
IMG_20250321_115743_jpg.rf.fc7f2a35deb2201b79f72ef4c859bf97.jpg,Leaf-Hopper,0.5724,1,id4->Looper Caterpillar(0.645)
IMG_20250321_121509_jpg.rf.2ed3e6fbd77867335075cde389f516f5.jpg,Looper Caterpillar,0.4971,1,id4->Leaf-Hopper(0.530)
IMG_20250321_121520_jpg.rf.6e82e5d814481f8386ac902f629db61c.jpg,Leaf-Hopper,0.518,2,id4->Leaf-Hopper(0.609); id4->Leaf-Hopper(0.575)
IMG_20250321_122940_jpg.rf.19d1e482b84e1a6ce554eab2d768f175.jpg,Leaf-Hopper,0.5988,1,id4->Leaf-Hopper(0.576)
IMG_2490_JPG_jpg.rf.b9188df57a13880ada88775d3307d215.jpg,Leaf-Hopper,0.4999,1,id4->Leaf-Hopper(0.494)
IMG_2519_JPG_jpg.rf.b4b404aee0d9c695603fc9f07929f28a.jpg,Leaf-Hopper,0.5064,1,id4->Leaf-Hopper(0.486)
IMG_2537_JPG_jpg.rf.dfb129f2350e574db5fbd3942c3a5fec.jpg,Leaf-Hopper,0.4324,1,id4->Leaf-Hopper(0.457)
IMG_2674_JPG_jpg.rf.37ff83c55e721d9401c078a57ed79936.jpg,Leaf-Hopper,0.4432,1,id4->Leaf-Hopper(0.439)
IMG_2730_JPG_jpg.rf.7456438e17e6defb6069ffda1a67c5a4.jpg,Looper Caterpillar,0.485,2,id4->Leaf-Hopper(0.500); id4->Looper Caterpillar(0.435)
IMG_29_jpeg.rf.46ea9fbd8c9fa0abf432e1357a86fc67.jpg,Leaf-Hopper,0.4282,3,id0->Leaf-Hopper(0.444); id0->Leaf-Hopper(0.511); id0->Leaf-Hopper(0.412)
IMG_38_jpeg.rf.ed3faee6feffc08d8a5bc1b61f13bcab.jpg,Looper Caterpillar,0.439,3,id3->Leaf Rust(0.330); id3->Leaf-Hopper(0.492); id3->Leaf-Hopper(0.526)
IMG_47_jpeg.rf.6fff36a34b2d2f6ef892d2e893a2cddb.jpg,Looper Caterpillar,0.5063,4,id0->Looper Caterpillar(0.512); id0->Looper Caterpillar(0.506); id0->Looper Caterpillar(0.476); id0->Leaf-Hopper(0.493)
IMG_55_jpeg.rf.c73d5da42704ae3391ac989697e55d46.jpg,Looper Caterpillar,0.4841,2,id0->Leaf-blight(0.512); id0->Leaf-Hopper(0.533)
IMG_67_jpeg.rf.df81543721e742bed1051bfa33c734fa.jpg,Looper Caterpillar,0.5196,5,id3->Leaf-Hopper(0.594); id3->Leaf-Hopper(0.534); id3->Leaf-Hopper(0.544); id3->Looper Caterpillar(0.484); id3->Looper Caterpillar(0.525)
IMG_69_jpeg.rf.9e97bdd846eae2f19db0473cd687be67.jpg,Leaf-Hopper,0.4448,1,id1->Leaf-Hopper(0.578)
IMG_74_jpeg.rf.924cbde3d618b57328082643f527024f.jpg,Leaf-Hopper,0.45,2,id3->Looper Caterpillar(0.618); id0->Leaf-Hopper(0.531)
IMG_8502_jpg.rf.45eea8c4f4960c6f98d1aeae8f0fe614.jpg,Leaf-Hopper,0.513,3,id0->Leaf-Hopper(0.511); id0->Leaf-Hopper(0.562); id0->Looper Caterpillar(0.461)
IMG_8503_jpg.rf.6756df9c7f697eb936f8de9d3defea98.jpg,Leaf-Hopper,0.4557,5,id0->Leaf-Hopper(0.506); id0->Leaf-Hopper(0.519); id0->Leaf-Hopper(0.431); id0->Leaf-Hopper(0.461); id0->Looper Caterpillar(0.385)
IMG_8514_jpg.rf.190df00e687c09acbed2025bc3d84145.jpg,Leaf-Hopper,0.4413,3,id0->Leaf-Hopper(0.535); id0->Leaf-Hopper(0.526); id0->Leaf-Hopper(0.477)
IMG_8515_jpg.rf.b20800d14067a84708287ac17cde35ac.jpg,Looper Caterpillar,0.4371,1,id3->Looper Caterpillar(0.573)
IMG_8564_jpg.rf.063125e5d9d941b5e0392045941e1211.jpg,Leaf-Hopper,0.5051,4,id0->Leaf-Hopper(0.544); id0->Leaf-Hopper(0.552); id0->Leaf-Hopper(0.528); id0->Leaf-Hopper(0.566)
IMG_8576_jpg.rf.7b572e7a64b86eb0472a74e1c0febd7a.jpg,Looper Caterpillar,0.5311,1,id3->Looper Caterpillar(0.583)
IMG_8583_jpg.rf.cffb70a410b8859a0259d9a32a415202.jpg,Leaf-Hopper,0.4888,1,id3->Leaf Rust(0.578)
IMG_8588_jpg.rf.c04fdf08dfad07060499d28be429e723.jpg,Leaf-Hopper,0.4566,1,id0->Leaf-Hopper(0.496)
IMG_8593_JPG.rf.afa667fbfb4e499b06cfe87f4eaedca6.jpg,Leaf-Hopper,0.4592,1,id1->Leaf-Hopper(0.480)
IMG_8639_jpg.rf.ea0c60fce66984770704e03d70813c05.jpg,Leaf-Hopper,0.3961,2,id0->Leaf-Hopper(0.520); id3->Leaf-Hopper(0.467)
IMG_8661_jpg.rf.2472717465dc55cb67db15dbad3d0e19.jpg,Leaf-Hopper,0.4508,4,id3->Leaf-Hopper(0.437); id3->Leaf-Hopper(0.432); id3->Leaf-Hopper(0.494); id3->Leaf-Hopper(0.432)
IMG_8708_jpg.rf.283b21295e904bbbc6f1f8cc501a0069.jpg,Leaf-Hopper,0.5482,2,id3->Leaf-Hopper(0.604); id3->Leaf-Hopper(0.551)
IMG_8710_jpg.rf.3d4f88b21bda296f2ca3ea998595ba64.jpg,Leaf-Hopper,0.6049,2,id3->Leaf-Hopper(0.561); id3->Leaf-Hopper(0.547)
IMG_8727_jpg.rf.b3db0b2f09d66a0a3bb0188240c45ba4.jpg,Leaf-Hopper,0.5148,2,id3->Leaf-Hopper(0.516); id3->Leaf-Hopper(0.540)
IMG_8736_jpg.rf.ead6320dcd533bf706df1cfac52f0431.jpg,Leaf-Hopper,0.5392,2,id3->Leaf-Hopper(0.573); id3->Leaf-Hopper(0.602)
IMG_8747_jpg.rf.5d18c1b7c9e233c29172f8e0ec0e97ac.jpg,Leaf-Hopper,0.4798,1,id3->Leaf-Hopper(0.595)
IMG_8749_jpg.rf.97f86b8c22d18ccc78efc470a2903e9a.jpg,Leaf-Hopper,0.4778,1,id1->Leaf-Hopper(0.580)
IMG_8757_jpg.rf.1be50dd0dc657048f87576e5e30f376f.jpg,Leaf-blight,0.4719,1,id0->Leaf-Hopper(0.514)
IMG_8781_jpg.rf.1d0eafe77c1ec412775c370b0c955d25.jpg,Leaf-Hopper,0.5328,1,id3->Leaf-Hopper(0.573)
IMG_8786_JPG.rf.de160ef6a891b95d149514303c0d991e.jpg,Leaf-Hopper,0.5587,1,id4->Leaf-Hopper(0.606)
IMG_8788_jpg.rf.07ee5660301d4b40841130540eb2d165.jpg,Leaf-Hopper,0.441,4,id2->Leaf-Hopper(0.440); id2->Leaf-Hopper(0.439); id2->Leaf-Hopper(0.399); id2->Leaf-Hopper(0.449)
IMG_8790_jpg.rf.7a9facf4131ae451456b67112970fa74.jpg,Leaf-Hopper,0.5203,1,id3->Leaf-Hopper(0.594)
IMG_8803_JPG.rf.911c35732240cae7d06da2a38d87d988.jpg,Looper Caterpillar,0.5362,1,id4->Leaf-Hopper(0.538)
IMG_8814_JPG.rf.a6b13a6c68a0024352208e685e986a7c.jpg,Leaf Rust,0.5705,1,id4->Leaf-blight(0.523)
IMG_8836_JPG.rf.cae1a056495be4d3c709652aab1da696.jpg,Leaf-Hopper,0.4845,2,id4->Leaf-Hopper(0.576); id4->Leaf-Hopper(0.552)
IMG_8848_jpg.rf.ef564c81fcf5258d80aca5ec4b21c1c0.jpg,Looper Caterpillar,0.5574,1,id3->Looper Caterpillar(0.589)
IMG_8862_jpg.rf.f1c88aa4e427633cbad6349d4a25a784.jpg,Leaf-Hopper,0.56,1,id3->Leaf-Hopper(0.568)
IMG_8868_JPG.rf.ba01587b6e0f554d3bc6ca21e9860d8b.jpg,Leaf-Hopper,0.5251,1,id4->Leaf-Hopper(0.493)
IMG_8873_jpg.rf.96e3472eaa2605f30b31d55e999bb5f4.jpg,Looper Caterpillar,0.5501,2,id3->Leaf-Hopper(0.570); id3->Leaf-Hopper(0.586)
IMG_8879_JPG.rf.ae6bafc01749845500da1b5750ebbd14.jpg,Leaf-Hopper,0.5351,1,id4->Leaf Rust(0.503)
IMG_8886_JPG.rf.cd486a2d74b99ef5b7d640cb50833743.jpg,Leaf-Hopper,0.549,1,id4->Leaf-Hopper(0.586)
IMG_8901_JPG.rf.0a29fdd07dc2681c6fca99599136faab.jpg,Leaf-Hopper,0.5194,1,id4->Leaf-Hopper(0.555)
IMG_8910_jpg.rf.02d539881f823f2f5a44b5713caf2251.jpg,Looper Caterpillar,0.5578,1,id0->Leaf-Hopper(0.531)
IMG_8917_jpg.rf.b6ba69ccacc50349998d50a145933d8c.jpg,Leaf-Hopper,0.4662,1,id1->Leaf-Hopper(0.546)
IMG_8948_JPG.rf.15376fa040c78e39d9bd7da41712e1f2.jpg,Leaf-Hopper,0.548,1,id4->Leaf-Hopper(0.472)
